Set Number,Set Name,Theme,Year,ASIN,ASIN Title,Confidence,Sales Rank,Is Primary,Status,Commentary
30708-1,{?},Star Wars,2025,B0DX6SBNRM,LEGO Star Wars Millennium Falcon - polybag - 30708,100,,No,MATCH,Set number 30708 found in title
75973-1,D.Va & Reinhardt,Overwatch,2019,B07JBQN2ND,LEGO 75973 CONF PT IP 2 2019 4,100,,Yes,MATCH,Set number 75973 found in title
75973-1,D.Va & Reinhardt,Overwatch,2019,B0C9QYS126,LEGO Overwatch D.Va & Reinhardt 75973,100,,No,MATCH,Set number 75973 found in title; Set name also matches
5005156-1,Gingerbread Man,Seasonal,2016,B01MQW1CDK,Lego gingerbread man - 5005156,95,,Yes,MATCH,Set number 5005156 found in title; Set name also matches
5005156-1,Gingerbread Man,Seasonal,2016,B075PCQW38,Gingerbread man - 5005156,95,,No,MATCH,Set number 5005156 found in title; Set name also matches
10314-1,Dried Flower Centrepiece,Icons,2023,B01NBG18SX,"LEGO 10314 Icons Dried Flower Centrepiece, Botanical Collection Crafts Set for Adults, Artificial Flowers with Rose and Gerbera, Table or Wall Decoration, Unique Home Décor Gift for Wife or Husband",100,,Yes,MATCH,Set number 10314 found in title; Set name also matches
10314-1,Dried Flower Centrepiece,Icons,2023,B0G1H6NFZG,"LEGO 10314 Icons Dried Flower Centrepiece, Botanical Collection Crafts Set for Adults, Artificial Flowers with Rose and Gerbera, Table or Wall Decoration, Unique Home Décor Gift for Wife or Husband",100,,No,MATCH,Set number 10314 found in title; Set name also matches
10289-1,Bird of Paradise,Icons,2021,B0928GQRF5,"LEGO Icons 10289 L'Oiseau de Paradis, Fleurs Décoratives, Maquette Botanical Collection, Construction Plantes, pour Adultes",100,,Yes,MATCH,Set number 10289 found in title
10289-1,Bird of Paradise,Icons,2021,B095T19BTY,"LEGO Creator Expert Bird of Paradise Set 10289 for Adults, Artificial Plants, Flowers, Gift Idea",100,,No,MATCH,Set number 10289 found in title; Set name also matches
5899-1,House Building Set,Bricks and More,2010,B002KCNUW6,LEGO Bricks & More 5899: House Building Set,100,,Yes,MATCH,Set number 5899 found in title; Set name also matches
LESTER-1,Lester,Promotional,2016,B0FV1126QD,Lester Leaps In: Live At Birdland 1951-1952,64,,No,MATCH,Set number LESTER found in title; Set name also matches
60017-1,Flatbed Truck,City,2013,B00A88G6M0,LEGO 60017 City - Flatbed truck,100,,No,MATCH,Set number 60017 found in title; Set name also matches
5004420-1,Toy Soldier,Seasonal,2016,B01MXEI2SY,LEGO 5004420 Toy Soldier Holiday Ornament (2016) 34 Piece Set with Gift Bag (Set of 2),95,,Yes,MATCH,Set number 5004420 found in title; Set name also matches
5004420-1,Toy Soldier,Seasonal,2016,B01MXH20M6,LEGO 5004420 Christmas Toy Soldier Ornament,95,,No,MATCH,Set number 5004420 found in title; Set name also matches
60055-1,Monster Truck,City,2014,B00GSPFAV0,Monster Truck LEGO® City Set 60055,100,,No,MATCH,Set number 60055 found in title; Set name also matches
2175-1,Wyplash,Ninjago,2011,B004P98PUO,Lego Ninjago 2175 Wyplash 23 Piece Building Toy,95,,Yes,MATCH,Set number 2175 found in title; Set name also matches
2175-1,Wyplash,Ninjago,2011,B08K3TSQ89,LEGO Ninjago Wyplash (2175),95,,No,MATCH,Set number 2175 found in title; Set name also matches
42124-1,Off-Road Buggy,Technic,2021,B08G4RGSLZ,"LEGO 42124 Technic Off-Road Buggy, Retro CONTROL+ App Remote Control Toy Car, Model Building Kit with Sound, Gift Idea for Boys and Girls",100,,Yes,MATCH,Set number 42124 found in title; Set name also matches
42124-1,Off-Road Buggy,Technic,2021,B08HVY73Y2,"LEGO 42124 Technic Off-Road Buggy, CONTROL+ App-Controlled Retro RC Car with Sound, Toy for Boys and Girls",100,,No,MATCH,Set number 42124 found in title; Set name also matches
42124-1,Off-Road Buggy,Technic,2021,B09MS48ZHV,"LEGO 42124 Technic Off-Road Buggy, CONTROL+ App-Controlled Retro RC Car with Sound, Toy for Boys and Girls",100,,No,MATCH,Set number 42124 found in title; Set name also matches
60251-1,Monster Truck,City,2020,B07WLMSVCJ,LEGO 60251 City Great Vehicles Monster Truck,100,,Yes,MATCH,Set number 60251 found in title; Set name also matches
60251-1,Monster Truck,City,2020,B0847PRRB2,LEGO City - Monster Truck 60251 (1143045),100,,No,MATCH,Set number 60251 found in title; Set name also matches
71361-12,Character Pack Series 1 - Sealed Box,Super Mario,2020,B082WF5QLL,"LEGO 71361 Super Mario Character Pack Series 1, Collectible Toy, 1 Unit (Style Picked at Random)",100,,Yes,MATCH,Set number 71361 found in title; Set name also matches
5001623-1,Jor-El,DC Comics Super Heroes,2013,B00D25LRMA,LEGO 5001623 SUPER HEROES Jor-El (japan import),95,,Yes,MATCH,Set number 5001623 found in title; Set name also matches
31124-1,Super Robot,Creator,2022,B09BNSW12G,"LEGO Creator 3in1 Super Robot Toy to Dragon Figure to Jet Plane, Creative Construction Bricks Set for Kids 6 Plus Years Old 31124",100,,Yes,MATCH,Set number 31124 found in title; Set name also matches
31124-1,Super Robot,Creator,2022,B0B8NXF7GB,Lego Creator Super Robot (31124),100,,No,MATCH,Set number 31124 found in title; Set name also matches
60320-1,Fire Station,City,2022,B09BNWGJ3B,"LEGO 60320 City Fire Station Set with Garage, Helicopter & Fire Engine Toys plus Firefighter Minifigures, Emergency Vehicles Playset, Gifts for Kids Age 6 Plus",100,,Yes,MATCH,Set number 60320 found in title; Set name also matches
60320-1,Fire Station,City,2022,B09ML233S8,LEGO City 60320 Feuerwache,100,,No,MATCH,Set number 60320 found in title
41682-1,Heartlake City School,Friends,2021,B08WWPXGP5,LEGO Friends 41682 L'école de Heartlake City Salle de Classe et Professeur avec Mini Poupée Olivia,100,,Yes,MATCH,Set number 41682 found in title; Set name also matches
75096-1,Sith Infiltrator,Star Wars,2015,B014VT9RF4,Lego Star Wars 75096 - Sith Infiltrator,100,,No,MATCH,Set number 75096 found in title; Set name also matches
40010-1,Father Christmas with Sledge Building Set,Seasonal,2010,B004497DQM,Lego Holiday Building Set 40010 - Santa and Sleigh,95,,Yes,MATCH,Set number 40010 found in title
40010-1,Father Christmas with Sledge Building Set,Seasonal,2010,B00A2N7FTY,LEGO Seasonal: Father Christmas with Sledge Set 40010 (Bagged),95,,No,MATCH,Set number 40010 found in title; Set name also matches
5985-1,Space Police Central,Space,2010,B003A2JBHS,LEGO - 5985 - Building Games Space Police - The Central Space Police,100,,Yes,MATCH,Set number 5985 found in title; Set name also matches
5985-1,Space Police Central,Space,2010,B003F7YI8K,LEGO Space Police Central (5985),100,,No,MATCH,Set number 5985 found in title; Set name also matches
75284-1,Knights of Ren Transport Ship,Star Wars,2020,B0813R6XSH,LEGO 75284 Star Wars Knights of Ren Transport Ship with Ray Minifigure,100,,Yes,MATCH,Set number 75284 found in title; Set name also matches
75284-1,Knights of Ren Transport Ship,Star Wars,2020,B0858FHGJJ,LEGO Star Wars 75284 - The Rise of Skywalker Knights of Ren Transport (595 Pieces),100,,No,MATCH,Set number 75284 found in title; Set name also matches
31051-1,Lighthouse Point,Creator,2016,B01AC19ITU,LEGO 31051 Creator Lighthouse Point Construction Set,100,,Yes,MATCH,Set number 31051 found in title; Set name also matches
31051-1,Lighthouse Point,Creator,2016,B01CU9WZAG,LEGO Creator 31051 Lighthouse Point Building Kit (528 Piece) by LEGO,100,,No,MATCH,Set number 31051 found in title; Set name also matches
75930-1,Indoraptor Rampage at Lockwood Estate,Jurassic World,2018,B0765BD1WS,LEGO 75930 Jurassic World Indoraptor Rampage at Lockwood Estate,100,,Yes,MATCH,Set number 75930 found in title; Set name also matches
75930-1,Indoraptor Rampage at Lockwood Estate,Jurassic World,2018,B07H6NDLSH,Lego Atak indoraptora 75930,100,,No,MATCH,Set number 75930 found in title
EMMET-1,The LEGO Movie Promotional Figure - Emmet,The LEGO Movie,2014,B00HNXIYFA,Lego The Movie Lego The Movie Loose Mini Figure Emmet With Piece Of Resistance,70,,Yes,MATCH,Set number EMMET found in title; Set name also matches
EMMET-1,The LEGO Movie Promotional Figure - Emmet,The LEGO Movie,2014,B07MKXB8V8,LEGO The Movie 2 Mini Master-Building Emmet 30529,70,,No,MATCH,Set number EMMET found in title; Set name also matches
EMMET-1,The LEGO Movie Promotional Figure - Emmet,The LEGO Movie,2014,B07N8WS61N,LEGO The Movie 2 Awesome Remix Emmet Minifigure 71023 (Bagged),70,,No,MATCH,Set number EMMET found in title; Set name also matches
10252-1,Volkswagen Beetle,Creator Expert,2016,B01D9QO6TM,Lego 10252 - CREATOR - VW KAEFER - Blue,100,,Yes,MATCH,Set number 10252 found in title
10252-1,Volkswagen Beetle,Creator Expert,2016,B07GPK8DY3,LEGO 10252 Speciale Collezionisti Maggiolino Volkswagen,100,,No,MATCH,Set number 10252 found in title; Set name also matches
60346-1,Barn & Farm Animals,City,2022,B09QFS8BNN,"LEGO 60346 City Barn & Farm Animals Toys, Playset with Tractor and Trailer, Sheep, Cow and Pig plus Babies Figures, Learning Toys for Kids, Boys & Girls Age 4 Plus",100,,Yes,MATCH,Set number 60346 found in title; Set name also matches
60346-1,Barn & Farm Animals,City,2022,B09ZV59CYT,LEGO City Bauernhof mit Tieren| 60346,100,,No,MATCH,Set number 60346 found in title
3178-1,Seaplane,City,2010,B002KCNVKC,LEGO City 3178: Seaplane,100,,Yes,MATCH,Set number 3178 found in title; Set name also matches
76000-1,Arctic Batman vs. Mr. Freeze: Aquaman on Ice,DC Comics Super Heroes,2013,B01LHWV04Y,76000 SUPER HEROES® Arctic Batman[TM] vs. Mr. Freeze[TM]: Aq,100,,No,MATCH,Set number 76000 found in title; Set name also matches
71412-1,Big Bad Island,Super Mario,2022,B09ZGBHS7F,LEGO Super Mario Big Bad Island Expansion Set 71412 Building Kit; Collectible Toy for Kids Aged 7 and up (354 Pieces),100,,Yes,MATCH,Set number 71412 found in title; Set name also matches
71412-1,Big Bad Island,Super Mario,2022,B0B6BB2VHG,LEGO® 71412 Super Mario Big Bad Island Expansion Set,100,,No,MATCH,Set number 71412 found in title; Set name also matches
70332-1,Ultimate Aaron,Nexo Knights,2016,B013GYA55G,LEGO Nexo Knights 70332: ULTIMATE Aaron Mixed,95,,Yes,MATCH,Set number 70332 found in title; Set name also matches
70332-1,Ultimate Aaron,Nexo Knights,2016,B017B1BOVY,LEGO NexoKnights ULTIMATE Aaron 70332,95,,No,MATCH,Set number 70332 found in title; Set name also matches
8088-1,ARC-170 Starfighter,Star Wars,2010,B002RL7WCE,LEGO Star Wars 8088: ARC-170 Starfighter,100,,Yes,MATCH,Set number 8088 found in title; Set name also matches
8088-1,ARC-170 Starfighter,Star Wars,2010,B07H1NMGJB,Lego Star Wars - ARC-170 Starfighter 8088,100,,No,MATCH,Set number 8088 found in title; Set name also matches
75261-1,Clone Scout Walker  – 20th Anniversary Edition,Star Wars,2019,B01698Y7DW,"LEGO 75261 STAR WARS CLONE SCOUT WALKER - 20 JAHRE STAR WARS, KONSTRUKTIONSSPIELZEUG",100,,Yes,MATCH,Set number 75261 found in title; Set name also matches
75261-1,Clone Scout Walker  – 20th Anniversary Edition,Star Wars,2019,B07FNWJ12N,LEGO 75261 Children's Toy Colourful,100,,No,MATCH,Set number 75261 found in title
7164-1,Preston Stormer,HERO Factory,2010,B003A2JCDG,LEGO HERO Factory 7164 Preston Stormer,95,,Yes,MATCH,Set number 7164 found in title; Set name also matches
7164-1,Preston Stormer,HERO Factory,2010,B003TLA2YQ,LEGO Hero Factory - Preston Stormer (7164),95,,No,MATCH,Set number 7164 found in title; Set name also matches
30067-2,Farm - Farmer,Duplo,2014,B00LOB5OFU,Lego Duplo Polybag 30067,100,,No,MATCH,Set number 30067 found in title
42614-1,Vintage Fashion Store,Friends,2024,B0CFVYKRZQ,"LEGO Friends Vintage Fashion Store, Buildable Toy Shop for 6 Plus Year Old Girls & Boys, with Mini-Doll Characters and Pet Cat Animal Figure, Role-Play Gift Idea for Kids 42614",100,,No,MATCH,Set number 42614 found in title; Set name also matches
60367-1,Passenger Airplane,City,2023,B0BV793KD1,"LEGO City Passenger Aeroplane Toy Building Set, Large Plane Model with Airport Ground Crew Vehicles: Apron Bus, Pushback Tug, Catering Loader, Baggage Truck plus 9 Minifigures 60367",100,,No,MATCH,Set number 60367 found in title; Set name also matches
60114-1,Race Boat,City,2016,B012NOKJYM,LEGO City Great Vehicles 60114: Race Boat Mixed,100,,Yes,MATCH,Set number 60114 found in title; Set name also matches
60114-1,Race Boat,City,2016,B019X03284,Lego Race Boat 60114,100,,No,MATCH,Set number 60114 found in title; Set name also matches
30284-1,Tractor,Creator,2015,B00UXZ87YS,Lego Creator 30284 Tractor,100,,No,MATCH,Set number 30284 found in title; Set name also matches
60118-1,Garbage Truck,City,2016,B013GY8TAY,LEGO City Great Vehicles 60118: Garbage Truck Mixed,100,,Yes,MATCH,Set number 60118 found in title; Set name also matches
60118-1,Garbage Truck,City,2016,B017B1AZLY,LEGO City Garbage Truck - 60118,100,,No,MATCH,Set number 60118 found in title; Set name also matches
10984-1,Organic Garden,Duplo,2023,B01N2TP8AM,"LEGO 10984 DUPLO My First Organic Garden Brick Box, Stacking Toys for Babies and Toddlers 1.5+ Years Old, Learning Toy with Ladybird, Bumblebee, Fruit & Veg",100,,No,MATCH,Set number 10984 found in title; Set name also matches
10984-1,Organic Garden,Duplo,2023,B0G65FJHLT,"LEGO 10984 DUPLO My First Organic Garden Brick Box, Stacking Toys for Babies and Toddlers 1.5+ Years Old, Learning Toy with Ladybird, Bumblebee, Fruit & Veg",100,,No,MATCH,Set number 10984 found in title; Set name also matches
40014-1,Halloween Bat,Seasonal,2010,B00460JDHG,LEGO Seasonal: Bat Set 40014 (Bagged),95,,Yes,MATCH,Set number 40014 found in title
40014-1,Halloween Bat,Seasonal,2010,B004DDF6PY,LEGO Halloween Bat / LEGO Halloween bat 40014 (bat of Halloween) (japan import),95,,No,MATCH,Set number 40014 found in title; Set name also matches
31201-1,Harry Potter Hogwarts Crests,Art,2021,B08G459QSQ,LEGO 31201 ART Harry Potter Hogwarts,100,,Yes,MATCH,Set number 31201 found in title; Set name also matches
31201-1,Harry Potter Hogwarts Crests,Art,2021,B08HW13Y43,"LEGO Art Harry Potter Hogwarts Crests 31201 Building Kit; Perfect for Adults Who Love Hobbies and Collectibles, New 2021 (4,249 Pieces)",100,,No,MATCH,Set number 31201 found in title; Set name also matches
10968-1,Doctor Visit,Duplo,2022,B09BNT2V47,"LEGO 10968 DUPLO Doctor Visit Large Bricks Building Set, Educational Early Learning Toy, Gifts for Toddlers, Girls & Boys 2 Plus Years Old",100,,No,MATCH,Set number 10968 found in title; Set name also matches
9486-1,Oil Rig Escape,Cars,2012,B005VPRFPW,Lego Lego Cars Oil Rig Escape 9486,95,,No,MATCH,Set number 9486 found in title; Set name also matches
40651-1,Australia Postcard,Creator,2023,B0BS4HK9ZY,LEGO Creator Australia Postcard Set 40651,100,,No,MATCH,Set number 40651 found in title; Set name also matches
42104-1,Race Truck,Technic,2020,B07W5QGW6G,"LEGO 42104 Technic Race Truck Toy to Racing Car 2in1 Model, Pull-Back Motor, Racer Vehicles Collection",100,,Yes,MATCH,Set number 42104 found in title; Set name also matches
5004394-1,Movie Maker,The LEGO Ninjago Movie,2017,B075WR4DN6,Lego 5004394 Ninjago Movie Maker,100,,No,MATCH,Set number 5004394 found in title; Set name also matches
41372-1,Stephanie's Gymnastics Show,Friends,2019,B07KTK6MWC,LEGO Friends 41372 Stephanie's Gymnastics Show,100,,Yes,MATCH,Set number 41372 found in title; Set name also matches
70824-1,Introducing Queen Watevra Wa'Nabi,The LEGO Movie 2,2019,B07FNS6P77,LEGO The LEGO Movie 2 70824 Introducing Queen Watevra Wa'Nabi,100,,Yes,MATCH,Set number 70824 found in title; Set name also matches
70824-1,Introducing Queen Watevra Wa'Nabi,The LEGO Movie 2,2019,B0C76VP5FC,LEGO The Movie 2 Meet The Queen Wello KE Wuoglio 70824,100,,No,MATCH,Set number 70824 found in title
70666-1,The Golden Dragon,Ninjago,2019,B07FP6QNP8,LEGO Ninjago 70666 The Golden Dragon,100,,Yes,MATCH,Set number 70666 found in title; Set name also matches
70617-1,Temple of the Ultimate Ultimate Weapon,The LEGO Ninjago Movie,2017,B071NWTFR7,LEGO Ninjago Movie Temple Ultimate Ultimate Weapon 70617 Building Kit (1403 Piece),95,,No,MATCH,Set number 70617 found in title; Set name also matches
60198-1,Cargo Train,City,2018,B078K4K423,"LEGO City Cargo Train Toy with Motorized Remote Control Engine, incl. Rail Tracks, Signal Lights & Control Center - 6-12 Year Old Boys & Girls Gifts - 60198",100,,Yes,MATCH,Set number 60198 found in title; Set name also matches
60198-1,Cargo Train,City,2018,B0C7NVBB38,LEGO City 60198 Güterzug,100,,No,MATCH,Set number 60198 found in title
60201-1,LEGO City Advent Calendar,City,2018,B0792T5XJG,LEGO UK 60201 City Advent Calendar Building Set,100,,No,MATCH,Set number 60201 found in title; Set name also matches
60201-1,LEGO City Advent Calendar,City,2018,B07GPCWXF4,City Lego 60201 Advent Calendar,100,,No,MATCH,Set number 60201 found in title; Set name also matches
60308-1,Seaside Police and Fire Mission,City,2021,B0BN6778NL,LEGO 60308 Seaside Police and Fire Mission - New.,100,,No,MATCH,Set number 60308 found in title; Set name also matches
31085-1,Mobile Stunt Show,Creator,2018,B0765CFDQB,"LEGO UK 31085 ""Mobile Stunt Show"" Building Block",100,,Yes,MATCH,Set number 31085 found in title; Set name also matches
31085-1,Mobile Stunt Show,Creator,2018,B07NF5SZRB,LEGO Creator Pokaz kaskaderski (31085) [KLOCKI],100,,No,MATCH,Set number 31085 found in title
60294-1,Stunt Show Truck,City,2021,B08WX5YQRL,LEGO 60294 City Stuntz Stunt Show Truck,100,,No,MATCH,Set number 60294 found in title; Set name also matches
70646-1,Jay - Dragon Master,Ninjago,2018,B0765BRCQM,LEGO Ninjago 70646 Jay - Dragon Master,100,,Yes,MATCH,Set number 70646 found in title; Set name also matches
70646-1,Jay - Dragon Master,Ninjago,2018,B07MCQ14L8,"LEGO - Toy, 70646",100,,No,MATCH,Set number 70646 found in title
40463-1,Easter Bunny,Seasonal,2021,B08WHGFC8W,LEGO 40463 Merchandise Easter Bunny,100,,No,MATCH,Set number 40463 found in title; Set name also matches
70610-1,Flying Jelly Sub,The LEGO Ninjago Movie,2017,B07234BPG1,LEGO 70610 - NINJAGO - Flying Jelly Sub,100,,No,MATCH,Set number 70610 found in title; Set name also matches
9446-1,Destiny's Bounty,Ninjago,2012,B005VPRFIO,LEGO Ninjago Destiny's Bounty 9446,100,,No,MATCH,Set number 9446 found in title; Set name also matches
75230-1,Porg,Star Wars,2018,B07B36ZQRB,"LEGO 75230 Star Wars Porg Building Set, Ahch-To Sea-dwelling Bird Figure",100,,Yes,MATCH,Set number 75230 found in title; Set name also matches
75230-1,Porg,Star Wars,2018,B0C779G2LK,LEGO Star Wars Porg (75230 ),100,,No,MATCH,Set number 75230 found in title; Set name also matches
75041-1,Vulture Droid,Star Wars,2014,B00IANTQBI,Lego Star Wars Vulture Droid - 75041,100,,No,MATCH,Set number 75041 found in title; Set name also matches
71749-1,Final Flight of Destiny's Bounty,Ninjago,2021,B08W9KLR4K,LEGO 71749 Ninjago Final Flight of Destiny's Bounty,100,,No,MATCH,Set number 71749 found in title; Set name also matches
2000471-1,BricQ Motion Essential Personal Learning Kit,Education,2021,B09HCJP77V,LEGO Education BricQ Motion Essential Kit 2000471,73,,No,MATCH,Set number 2000471 found in title; Set name also matches
41709-1,Vacation Beach House,Friends,2022,B09BNT99YZ,"LEGO 41709 Building Set, Friends Holiday Beach House, Multicolour",100,,Yes,MATCH,Set number 41709 found in title; Set name also matches
76173-1,Spider-Man and Ghost Rider vs. Carnage,Marvel Super Heroes,2021,B08G4Q1CXF,LEGO 76173 Super Heroes Spider-Man and Ghost Rider vs. Carnage,100,,No,MATCH,Set number 76173 found in title; Set name also matches
2000727-1,SPIKE Essential Minifigures,Education,2022,B0BG95GXT2,LEGO® Education Spike™ Essential Minifigures 2000727,80,,Yes,MATCH,Set number 2000727 found in title; Set name also matches
76124-1,War Machine Buster,Marvel Super Heroes,2019,B07FP2GRY3,LEGO 76124 Children's Toy Colourful,100,,Yes,MATCH,Set number 76124 found in title
JEEP-1,Jeep,Jurassic World,2022,B0DVLQL77W,Jeep 1941 Spirit Logo T-Shirt,63,,No,MATCH,Set number JEEP found in title; Set name also matches
30346-1,Prison Island Floatplane,City,2016,B01C8RMFAK,Lego City 30346 Prison Island Helicopter,100,,Yes,MATCH,Set number 30346 found in title; Set name also matches
30346-1,Prison Island Floatplane,City,2016,B01DDTICBI,Lego City 30346 Prison Island Helicopter,100,,No,MATCH,Set number 30346 found in title; Set name also matches
41400-1,Andrea's Play Cube,Friends,2020,B07WC19M2D,"LEGO 41400 Friends Andrea's Play Cube Series 1, Collectible Mini Playset, Portable Travel Case",100,,Yes,MATCH,Set number 41400 found in title; Set name also matches
41400-1,Andrea's Play Cube,Friends,2020,B07WD5WSL8,"LEGO Friends Andrea’s Play Cube 41400 Building Kit, Includes a Pop Star Mini-Doll and Toy Pet, Sparks Creative Play, New 2020 (49 Pieces)",100,,No,MATCH,Set number 41400 found in title; Set name also matches
75206-1,Jedi and Clone Troopers Battle Pack,Star Wars,2018,B075GRD5M4,LEGO 75206 Star Wars Jedi and Clone Troopers Battle Pack,100,,Yes,MATCH,Set number 75206 found in title; Set name also matches
75206-1,Jedi and Clone Troopers Battle Pack,Star Wars,2018,B07MXFTHVR,"LEGO - Battle Pack: Jedi and Soldiers Clone Star Wars TM Classic Building Set, Multi-Colour (75206)",100,,No,MATCH,Set number 75206 found in title; Set name also matches
41407-1,Olivia's Shopping Play Cube,Friends,2020,B07X9TVZY5,LEGO Friends 41407 Olivia's Play Cube - Sweet Shop,100,,Yes,MATCH,Set number 41407 found in title; Set name also matches
41407-1,Olivia's Shopping Play Cube,Friends,2020,B083JXBNYX,"LEGO Friends Olivia’s Shopping Play Cube 41407 Building Kit, Candy Store Fun Toy That Includes Candy Store Mini-Doll, New 2020 (47 Pieces)",100,,No,MATCH,Set number 41407 found in title; Set name also matches
30695-1,{?},Disney,2025,B0DS67KRG4,"LEGO Disney Princess Cinderella's Mini Garden Castle 30695, Building Set with Minifigure, 52 Pieces, Ages 5+",100,,No,MATCH,Set number 30695 found in title
60132-1,Service Station,City,2016,B01AC1B488,LEGO City 60132 Service Station,100,,Yes,MATCH,Set number 60132 found in title; Set name also matches
70142-1,Eris' Fire Eagle Flyer,Legends of Chima,2014,B00LM3QBH0,70142 CHIMA® Aeroaquila di Fuoco di Eris NEW 09-2014,100,,No,MATCH,Set number 70142 found in title
60209-1,Diamond Heist,City,2019,B07FP6QRDL,LEGO 60209 Children's Toy Multi-Coloured,100,,Yes,MATCH,Set number 60209 found in title
60209-1,Diamond Heist,City,2019,B0C8HYYDB8,LEGO City 60209 Police and Diamond Theft Construction Set,100,,No,MATCH,Set number 60209 found in title; Set name also matches
76278-1,Rocket's Warbird vs. Ronan,Marvel Super Heroes,2024,B0CFVY8SXL,"LEGO Marvel Rocket’s Warbird vs. Ronan, Buildable Super Hero Spaceship Toy for Kids with Rocket Raccoon minifigure, Guardians of the Galaxy Gift for Boys and Girls Aged 8 and Over 76278",100,,No,MATCH,Set number 76278 found in title; Set name also matches
60215-1,Fire Station,City,2019,B07FNN17CM,LEGO 60215 City Fire Fire Station,100,,Yes,MATCH,Set number 60215 found in title; Set name also matches
60215-1,Fire Station,City,2019,B0C9R2JM48,LEGO City - 60215 City Fire Station,100,,No,MATCH,Set number 60215 found in title; Set name also matches
DACHSHUND-1,Dachshund,Promotional,2018,B0FVKWGZ77,2026 Dachshund Planner: Sausage Dog Lovers Daily & Weekly Organiser - For a More Organised Year,62,,Yes,MATCH,Set number DACHSHUND found in title; Set name also matches
DACHSHUND-1,Dachshund,Promotional,2018,B0DNZKZXQ7,Fun Dachshund Calendar 2026 UK 12 Month to View A4 Wall Calendar 2026 UK Funny Dog Calendar 2026 A3 When Open Papa Prints,62,,No,MATCH,Set number DACHSHUND found in title; Set name also matches
40004-1,Heart,Seasonal,2010,B003XSQ1RW,Regohato / LEGO Heart 40004 [domestic distribution genuine: LEGO shopper with Ver.] (japan import),95,,No,MATCH,Set number 40004 found in title; Set name also matches
10695-1,Creative Building Box,Classic,2015,B01MEFRTZX,Lego 10695 - Classic Bausteine-Box,100,,No,MATCH,Set number 10695 found in title
75257-1,Millennium Falcon,Star Wars,2019,B07NDB4Q7S,"LEGO Star Wars 75257 Millennium Falcon - Starship Set with 5 Minifigures & 2 Droid Figures inc. Finn, Chewbacca, C3PO and R2D2 - Building Toys for 9+ Year Old Boys & Girls",100,,Yes,MATCH,Set number 75257 found in title; Set name also matches
75257-1,Millennium Falcon,Star Wars,2019,B0CTFV48FV,"LEGO Star Wars Millennium Falcon 75257 Iconic Spaceship Construction Set with Finn, Chewbacca etc",100,,No,MATCH,Set number 75257 found in title; Set name also matches
30278-1,Poe's X-wing Fighter,Star Wars,2016,B01A8X99SM,Lego Star Wars Poe's X-Wing Fighter [30278],100,,No,MATCH,Set number 30278 found in title; Set name also matches
70618-1,Destiny's Bounty,The LEGO Ninjago Movie,2017,B06W2KC47K,LEGO Ninjago Movie 70618 Destiny's Bounty,100,,Yes,MATCH,Set number 70618 found in title; Set name also matches
70618-1,Destiny's Bounty,The LEGO Ninjago Movie,2017,B07M81BLL9,LEGO Ninjago: Destiny's Bounty (70618),100,,No,MATCH,Set number 70618 found in title; Set name also matches
60097-1,City Square,City,2015,B00SDTYXVM,LEGO 60097 City Town City Square Building Toy,100,,Yes,MATCH,Set number 60097 found in title; Set name also matches
60097-1,City Square,City,2015,B00WI0GEMS,LEGO City Town 60097 City Square Building Kit by LEGO,100,,No,MATCH,Set number 60097 found in title; Set name also matches
60262-1,Passenger Airplane,City,2020,B0813RLR88,LEGO 60262 City Airport Passenger Airplane,100,,Yes,MATCH,Set number 60262 found in title; Set name also matches
60262-1,Passenger Airplane,City,2020,B0858C7XND,LEGO 60262 City Passenger Plane Construction Toy Terminal and Truck Game for Children 6 Years and Up,100,,No,MATCH,Set number 60262 found in title; Set name also matches
76183-1,Batcave: The Riddler Face-Off,DC Comics Super Heroes,2022,B09BNWB2ZS,LEGO 76183 Super Heroes Batcave™: The Riddler™ Face-off,100,,No,MATCH,Set number 76183 found in title; Set name also matches
76183-1,Batcave: The Riddler Face-Off,DC Comics Super Heroes,2022,B09FMMBB1F,LEGO 76183 Super Heroes Batcave™: The Riddler™ Face-off,100,,No,MATCH,Set number 76183 found in title; Set name also matches
CAMERA-1,LEGO Lates Camera,Promotional,2023,B00YER46XW,LEGO Pack of 4 Cameras for Minifigures,66,,Yes,MATCH,Set number CAMERA found in title; Set name also matches
CAMERA-1,LEGO Lates Camera,Promotional,2023,B077RGDXNW,LEGO City Holiday Maker Photographer Camera Female/Woman Minifigure & Camera City,66,,No,MATCH,Set number CAMERA found in title; Set name also matches
CAMERA-1,LEGO Lates Camera,Promotional,2023,B0C591GLHF,"JOMIOD Ideas SLR Vintage Camera Building Blocks, 1027 Clamping Blocks Retro Camera Model Kit Toy, Compatible with Lego Ideas",66,,No,MATCH,Set number CAMERA found in title; Set name also matches
40082-1,Christmas Tree Stand,Creator,2013,B00FWUF59O,Lego Creator 40082 Christmas Scene Set 2013 Limited Edition (115 pieces),95,,Yes,MATCH,Set number 40082 found in title
40082-1,Christmas Tree Stand,Creator,2013,B00FXD29P8,[Super rare] [Limited Edition] LEGO 40082 2013 Limited Edition Holiday Set (japan import),95,,No,MATCH,Set number 40082 found in title
40716-1,Alien Planet Habitat,Miscellaneous,2024,B0D35Y1RZH,LEGO 40716 Space Alien Planet Habitat 7+ 206 Pieces Toy Building Set with 3 Alien Figures,100,,No,MATCH,Set number 40716 found in title; Set name also matches
6432434-1,Dragon Adventure Ride,Promotional,2022,B0CJ7C61CT,"LEGO 6432434 Dragon Adventure Ride, New 2022 (168 Pieces)",100,,No,MATCH,Set number 6432434 found in title; Set name also matches
10247-1,Ferris Wheel,Creator Expert,2015,B00XWSFNJ0,Lego Creator 10247 - Ferris Wheel,100,,Yes,MATCH,Set number 10247 found in title; Set name also matches
10247-1,Ferris Wheel,Creator Expert,2015,B01500RN2C,LEGO Creator 10247 Ruota Panoramica CostruzioniCostruzioni,100,,No,MATCH,Set number 10247 found in title
LIVERPOOL-1,"Liverpool, UK Exclusive Minifigure Pack",Promotional,2011,B0FJS8VX1S,SoccerStarz - Liverpool Florian Wirtz - Home Kit (2026 version) /Figures,67,,Yes,MATCH,Set number LIVERPOOL found in title
LIVERPOOL-1,"Liverpool, UK Exclusive Minifigure Pack",Promotional,2011,B0FJS9MCL1,SoccerStarz - Liverpool 16 figure Team Pack (2025/26 Version) /Figures,67,,No,MATCH,Set number LIVERPOOL found in title
LIVERPOOL-1,"Liverpool, UK Exclusive Minifigure Pack",Promotional,2011,B0FJSBS628,SoccerStarz - Liverpool Florian Wirtz - AWAY Kit (2026 version) /Figures,67,,No,MATCH,Set number LIVERPOOL found in title
8518-1,Jet Ray,Ben 10: Alien Force,2010,B002RL7W4C,LEGO Ben 10 Alien Force Jet Ray (8518),95,,Yes,MATCH,Set number 8518 found in title
75186-1,The Arrowhead,Star Wars,2017,B06WRRJ871,LEGO 75186 Star Wars The Arrowhead,100,,Yes,MATCH,Set number 75186 found in title; Set name also matches
70128-1,Braptor's Wing Striker,Legends of Chima,2014,B00MI57C0Q,Lego Legends Of Chima Braptor's Wing Striker - 70128,100,,No,MATCH,Set number 70128 found in title; Set name also matches
10701-1,48x48 Grey Baseplate,Classic,2015,B00NVDJKN6,LEGO 10701 Classic Gray Baseplate Learning Toy,100,,Yes,MATCH,Set number 10701 found in title
10701-1,48x48 Grey Baseplate,Classic,2015,B00WZ6OWME,"LEGO 10701 Classic Grey Building Plate, 38 cm x 38 cm, Educational Toy, Creative Play",100,,No,MATCH,Set number 10701 found in title
10218-1,Pet Shop,Advanced models,2011,B004P2HMNM,LEGO Creator - 10218 - Construction Game - Animal Shop,95,,Yes,MATCH,Set number 10218 found in title; Set name also matches
60291-1,Family House,City,2021,B00BSV66TE,LEGO City 60291 Family House,100,,Yes,MATCH,Set number 60291 found in title; Set name also matches
60291-1,Family House,City,2021,B09844WMZ6,"LEGO 60291 City Family House Modern Dollhouse Building Set with Road Plates and 4 Minifigures, Toy for Boys and Girls 5 Years Old",100,,No,MATCH,Set number 60291 found in title; Set name also matches
10282-2,Adidas Originals Superstar X Footshop 'Blueprinting',Icons,2021,B08WXB3GDK,LEGO 10282 Icons adidas Originals Superstar,100,,Yes,MATCH,Set number 10282 found in title; Set name also matches
10282-2,Adidas Originals Superstar X Footshop 'Blueprinting',Icons,2021,B0BC6RR6T4,LEGO Creator Adidas Trainer 10282,100,,No,MATCH,Set number 10282 found in title
41593-1,Captain Jack Sparrow,BrickHeadz,2017,B06X925GRP,LEGO UK 41593 Brickheadz Captain Jack Sparrow,100,,Yes,MATCH,Set number 41593 found in title; Set name also matches
41593-1,Captain Jack Sparrow,BrickHeadz,2017,B06XRR3K3P,LEGO BrickHeadz Captain Jack Sparrow 41593 Building Kit,100,,No,MATCH,Set number 41593 found in title; Set name also matches
41097-1,Heartlake Hot Air Balloon,Friends,2015,B00MJ8ETLM,Lego Friends Heartlake Hot Air Balloon - 41097,100,,Yes,MATCH,Set number 41097 found in title; Set name also matches
10901-1,Fire Truck,Duplo,2019,B07FNTSDD6,"LEGO 10901 DUPLO Town Fire Truck, Early Development Set with Light & Sound and Firefighter Figure, Fire Engine Toy for Kids Age 2-5",100,,Yes,MATCH,Set number 10901 found in title; Set name also matches
10508-1,Deluxe Train Set,Duplo,2013,B00B06IQ0E,LEGO Duplo 10508 Deluxe Train Set,100,,Yes,MATCH,Set number 10508 found in title; Set name also matches
10508-1,Deluxe Train Set,Duplo,2013,B07DXNBKYK,LEGO DUPLO 10508 Eisenbahn Super Set,100,,No,MATCH,Set number 10508 found in title
BELLE-1,Belle's Castle,Disney,2016,B0CPFJ68QJ,Ravensburger Disney Castles Belle Beauty & The Best 1000 Piece Jigsaw Puzzles for Adults and Kids Age 12 Years Up,63,,Yes,MATCH,Set number BELLE found in title; Set name also matches
BELLE-1,Belle's Castle,Disney,2016,B0FPXG9QQL,LEGO|Disney Princess Mini Belle & Tiana with Castle Toy - incl. 2 Mini Doll Figures w/Accessories - DIY Display Case - Collectible Gift for 5+ Year Old Girls & Fans - 43291,63,,No,MATCH,Set number BELLE found in title; Set name also matches
BELLE-1,Belle's Castle,Disney,2016,B0858MZ1ZR,"LEGO Disney Belle’s Castle Winter Celebration (43180) Disney Princess Building Kit; Makes a Great Birthday for Kids who Love Disney’s Beauty and The Beast, New 2020 (238 Pieces)",63,,No,MATCH,Set number BELLE found in title; Set name also matches
76209-1,Thor's Hammer,Marvel Super Heroes,2022,B09RKBFNH7,"LEGO 76209 Marvel Le Marteau De Thor?, Maquette a Construire, Avengers de la Saga Infinity, Figurine Thor et le Gant de l'Infini",100,,Yes,MATCH,Set number 76209 found in title
76209-1,Thor's Hammer,Marvel Super Heroes,2022,B09SKXHHF1,LEGO Marvel Thor Hammer 76209,100,,No,MATCH,Set number 76209 found in title; Set name also matches
2236-1,Scorpio,HERO Factory,2011,B004OT8EI8,LEGO Hero Factory 2236 Scorpio,95,,Yes,MATCH,Set number 2236 found in title; Set name also matches
2236-1,Scorpio,HERO Factory,2011,B004P95AF2,LEGO Hero Factory SCORPIO 2236,95,,No,MATCH,Set number 2236 found in title; Set name also matches
60301-1,Wildlife Rescue Off-Roader,City,2021,B08WWQ6TK4,LEGO 60301 City Wildlife Wildlife Rescue Off-Roader,100,,Yes,MATCH,Set number 60301 found in title; Set name also matches
60047-1,Police Station,City,2014,B00GSPF9NE,LEGO City Police Station 60047,100,,No,MATCH,Set number 60047 found in title; Set name also matches
75372-1,Clone Trooper & Battle Droid Battle Pack,Star Wars,2024,B0CFVY784R,"LEGO Star Wars Clone Trooper & Battle Droid Battle Pack, incl. 4 Minifigures, 5 Droids and a Speeder Bike with Shooters - Building Toys for 7+ Year Old Boys & Girls 75372",100,,No,MATCH,Set number 75372 found in title; Set name also matches
71413-10,Character Pack Series 6 - Sealed Box,Super Mario,2023,B0BBS3WX56,"LEGO 71413 Super Mario Character Packs – Series 6, Collectible Mystery Toy Figures for Kids, Combine with Starter Course Playset for Extra Play (1 Style - Unit Picked at Random)",100,,No,MATCH,Set number 71413 found in title; Set name also matches
42056-1,Porsche 911 GT3 RS,Technic,2016,B01CCT2ZHC,LEGO Technic Porsche 911 GT3 RS Set 42056,100,,Yes,MATCH,Set number 42056 found in title; Set name also matches
42056-1,Porsche 911 GT3 RS,Technic,2016,B01CU9X8EI,LEGO Technic Porsche 911 GT3 RS 42056,100,,No,MATCH,Set number 42056 found in title; Set name also matches
10734-1,Demolition Site,Juniors,2017,B01J41DHFA,LEGO 10734 Demolition Site Set,100,,Yes,MATCH,Set number 10734 found in title; Set name also matches
41111-1,Party Train,Friends,2016,B012NOCYM2,LEGO Friends 41111: Party Train Mixed,100,,Yes,MATCH,Set number 41111 found in title; Set name also matches
41111-1,Party Train,Friends,2016,B017B19UN8,LEGO Friends Party Train 41111 by LEGO,100,,No,MATCH,Set number 41111 found in title; Set name also matches
75281-1,Anakin's Jedi Interceptor,Star Wars,2020,B0813R8PHT,"LEGO 75281 Star Wars Anakin's Jedi Interceptor Buildable Toy Starship with Anakin Skywalker Minifigure, R2-D2 Figure and lightsaber, Gift Idea for Boys & Girls",100,,Yes,MATCH,Set number 75281 found in title; Set name also matches
75281-1,Anakin's Jedi Interceptor,Star Wars,2020,B0858HRS4L,LEGO 75281 Star Wars The Interceptor of Anakin with R2-D2,100,,No,MATCH,Set number 75281 found in title
75213-1,LEGO Star Wars Advent Calendar,Star Wars,2018,B0792RDN2T,"LEGO UK 75213 ""CONF"" Advent Calendar",100,,Yes,MATCH,Set number 75213 found in title; Set name also matches
75213-1,LEGO Star Wars Advent Calendar,Star Wars,2018,B07GP814XQ,Lego Star Wars Advent Calendar 2018 (75213) - Amazon,100,,No,MATCH,Set number 75213 found in title; Set name also matches
76421-1,Dobby the House-Elf,Harry Potter,2023,B0BPCBLRHB,"LEGO Harry Potter Dobby the House-Elf Building Toy Set, Movable Wizarding World Character Figure, Kids' Bedroom Decoration, Gift for 8 Plus Year Old Girls, Boys, Teens and Fans 76421",100,,No,MATCH,Set number 76421 found in title; Set name also matches
60067-1,Helicopter Pursuit,City,2015,B00NGJC30W,LEGO City 60067 Helicopter Pursuit,100,,No,MATCH,Set number 60067 found in title; Set name also matches
11015-1,Around the World,Classic,2021,B08WX6Z1VZ,"LEGO 11015 Classic Around the World Building Bricks Set, Construction Toy with 15 Animal Figures, Gifts for 4 Plus Year Old Kids, Girls and Boys, Multicolour",100,,Yes,MATCH,Set number 11015 found in title; Set name also matches
10713-1,Creative Suitcase,Classic,2018,B075GQ87PV,"LEGO 10713 Classic Creative Suitcase, Toy Storage Case with Fun Colourful Building Bricks, Gifts for 4 plus Year old Kids, Boys & Girls",100,,No,MATCH,Set number 10713 found in title; Set name also matches
43101-14,Bandmates Series 1 - Sealed Box,Vidiyo,2021,B08G4JXV79,LEGO 43101 VIDIYO Bandmates,100,,No,MATCH,Set number 43101 found in title
75957-1,The Knight Bus,Harry Potter,2019,B07KX54VHF,"LEGO 75957 Harry Potter Knight Bus Toy, Triple-decker Collectable Set with Minifigures, for Kids Age 8+",100,,No,MATCH,Set number 75957 found in title; Set name also matches
43101-13,Bandmates Series 1 - Complete,Vidiyo,2021,B08G4JXV79,LEGO 43101 VIDIYO Bandmates,100,,No,MATCH,Set number 43101 found in title
41924-1,Secret Holder,Dots,2021,B08G4HF1SX,LEGO 41924 DOTS Secret Holder,100,,No,MATCH,Set number 41924 found in title; Set name also matches
6860-1,The Batcave,DC Comics Super Heroes,2012,B005VPRF8O,Lego 6860 DC Universe Super Heroes Batman - The Batcave,100,,Yes,MATCH,Set number 6860 found in title; Set name also matches
41919-1,Power Bracelet,Dots,2020,B0813S3VXB,LEGO 41919 DOTS Power Bracelet,100,,No,MATCH,Set number 41919 found in title; Set name also matches
76998-1,Knuckles and the Master Emerald Shrine,Sonic the Hedgehog,2024,B0CWH4KWV8,"LEGO Sonic the Hedgehog Knuckles and the Master Emerald Shrine Video Game Collectible Toy for Kids, Gamer Gift, Adventure Building Set for 8 Plus Year Old Boys and Girls 76998",100,,No,MATCH,Set number 76998 found in title; Set name also matches
6432431-1,Pirate Adventure Ride,Promotional,2022,B0CJ799DHS,LEGO Pirate Adventure Ride 6432431 (168 Pieces),83,,No,MATCH,Set number 6432431 found in title; Set name also matches
42094-1,Tracked Loader,Technic,2019,B07FNN12P2,"LEGO 42094 Children's Toy Multi-Coloured, Colourful",100,,Yes,MATCH,Set number 42094 found in title
66648-1,Swing Ride,Promotional,2020,B08NXDLX1V,LEGO Bricktober 2020 Fairground Swing Ride Promo Set 66648,70,,Yes,MATCH,Set number 66648 found in title; Set name also matches
10225-1,R2-D2,Star Wars,2012,B007R3NTTW,Lego Star Wars R2-D2 10225 - Brand New Collector's Edition - Retired,100,,Yes,MATCH,Set number 10225 found in title; Set name also matches
10225-1,R2-D2,Star Wars,2012,B007SA1QYO,Lego LEGO Star Wars R2-D2 TM 10225 [parallel import goods] (japan import),100,,No,MATCH,Set number 10225 found in title; Set name also matches
70139-1,Sky Launch,Legends of Chima,2014,B00IANTZ5U,LEGO Chima 70139 Sky Launch,100,,No,MATCH,Set number 70139 found in title; Set name also matches
4192-1,Fountain of Youth,Pirates of the Caribbean,2011,B004DMZ3RQ,LEGO®Pirates of the Caribbean 4192 : Fountain of Youth,100,,Yes,MATCH,Set number 4192 found in title; Set name also matches
60373-1,Fire Rescue Boat,City,2023,B0BBRXB8S8,"LEGO 60373 City Fire Rescue Boat Toy, Floats on Water, with Jetpack, Dinghy and 3 Minifigures, Everyday Hero Toys for Boys and Girls Aged 5+, Gift Idea",100,,Yes,MATCH,Set number 60373 found in title; Set name also matches
60373-1,Fire Rescue Boat,City,2023,B0D2RKWGCZ,LEGO City 60373 Fire Boat,100,,No,MATCH,Set number 60373 found in title; Set name also matches
60238-1,Switch Tracks,City,2018,B079Z63G1F,"LEGO 60238 City Trains Switch Tracks 6 Pieces, Toy Train Track Extension Pack, Accessory Set",100,,No,MATCH,Set number 60238 found in title; Set name also matches
60238-1,Switch Tracks,City,2018,B0BKVR4XD4,LEGO City Trains Cambios De Agujas 60238,100,,No,MATCH,Set number 60238 found in title
60113-1,Rally Car,City,2016,B012NOL2F2,LEGO City Great Vehicles 60113: Rally Car Mixed,100,,Yes,MATCH,Set number 60113 found in title; Set name also matches
60113-1,Rally Car,City,2016,B017B1AT4C,LEGO CITY Rally Car 60113,100,,No,MATCH,Set number 60113 found in title; Set name also matches
2192-1,Drilldozer,HERO Factory,2011,B0042HOTLI,LEGO Hero Factory 2192 : Drilldozer 3.0,100,,Yes,MATCH,Set number 2192 found in title; Set name also matches
2192-1,Drilldozer,HERO Factory,2011,B004478GA6,LEGO®Hero Factory 2192 : DRILLDOZER,100,,No,MATCH,Set number 2192 found in title; Set name also matches
11011-1,Bricks and Animals,Classic,2020,B083LDPP9Y,LEGO Classic 11011 1500 pcs/piece.,100,,Yes,MATCH,Set number 11011 found in title
11011-1,Bricks and Animals,Classic,2020,B085H6X36D,LEGO Classic 11011 1500 pcs/piece.,100,,No,MATCH,Set number 11011 found in title
75302-1,Imperial Shuttle,Star Wars,2021,B08G4CXG4P,LEGO 75302 Star Wars Imperial Shuttle,100,,Yes,MATCH,Set number 75302 found in title; Set name also matches
75302-1,Imperial Shuttle,Star Wars,2021,B0984P6L14,LEGO 75302 Star Wars Imperial Shuttle Building Set with Luke Skywalker with Lightsaber and Darth Vader Minifigures,100,,No,MATCH,Set number 75302 found in title; Set name also matches
10851-1,My First Bus,Duplo,2017,B01J41D570,LEGO 10851 My First Bus Building Set,82,,No,MATCH,Set number 10851 found in title; Set name also matches
40187-1,Flower Display,Seasonal,2018,B078WSX2Q2,"LEGO - Flowers, 40187",95,,Yes,MATCH,Set number 40187 found in title; Set name also matches
40187-1,Flower Display,Seasonal,2018,B078XV3TGG,LEGO Flower Display (40187) 100 Piece Set,95,,No,MATCH,Set number 40187 found in title; Set name also matches
10725-1,Lost Temple,Juniors,2016,B012NOFJOC,LEGO 10725 Juniors Lost Temple Playset,95,,Yes,MATCH,Set number 10725 found in title; Set name also matches
10725-1,Lost Temple,Juniors,2016,B01AW1QVOK,LEGO Juniors Lost Temple 10725,95,,No,MATCH,Set number 10725 found in title; Set name also matches
21179-1,The Mushroom House,Minecraft,2022,B09BNVFBPW,"LEGO Minecraft The Mushroom House Set, Building Toy for Kids Age 8 plus, Gift Idea with Alex, Mooshroom & Spider Jockey Figures 21179",100,,No,MATCH,Set number 21179 found in title; Set name also matches
21179-1,The Mushroom House,Minecraft,2022,B0BC8VTSC5,***2022*** (JAN) 21179 LEGO Minecraft The Mushroom House,100,,No,MATCH,Set number 21179 found in title; Set name also matches
21107-1,Micro World - The End,Minecraft,2014,B00JRCHT8I,Minecraft Lego The End 21107,100,,Yes,MATCH,Set number 21107 found in title
21107-1,Micro World - The End,Minecraft,2014,B00KGABDWS,Lego Minecraft Micro World The End 21107,100,,No,MATCH,Set number 21107 found in title; Set name also matches
76087-1,Flying Fox: Batmobile Airlift Attack,DC Comics Super Heroes,2017,B071477KYZ,LEGO 76087 Flying Fox: Batmobile Airlift Attack (955 Piece),95,,No,MATCH,Set number 76087 found in title; Set name also matches
71394-1,1-Up Mushroom,Super Mario,2021,B08WWYCMRD,"LEGO 71394 Super Mario Character Packs – Series 3, Toy Collectible Figures, Gift Idea for Kids (1 Unit - Style Picked At Random)",100,,No,MATCH,Set number 71394 found in title
76029-1,Iron Man vs. Ultron,Marvel Super Heroes,2015,B00NVDOPH2,LEGO Superheroes 76029 Age of Ultron: Iron vs. Ultron,100,,No,MATCH,Set number 76029 found in title; Set name also matches
76191-1,Infinity Gauntlet,Marvel Super Heroes,2021,B08WX4YRK7,LEGO | Marvel Infinity Gauntlet Building Set for Adults - Avengers Model Kit incl. a Thanos Glove with Infinity Stones - Collectible Gift for Fans - 76191,100,,No,MATCH,Set number 76191 found in title; Set name also matches
21116-1,Crafting Box,Minecraft,2014,B00MJYDHHS,LEGO Minecraft 21116 Crafting Box,100,,No,MATCH,Set number 21116 found in title; Set name also matches
75978-1,Diagon Alley,Harry Potter,2020,B08H5TT95H,LEGO Harry Potter Diagon Alley - 75978,100,,Yes,MATCH,Set number 75978 found in title; Set name also matches
75978-1,Diagon Alley,Harry Potter,2020,B08HKYNPDC,LEGO 75978 Harry Potter Chemin de Traverse,100,,No,MATCH,Set number 75978 found in title
60106-1,Fire Starter Set,City,2016,B012NODKZW,LEGO City Fire 60106: Fire Starter Set Mixed,100,,Yes,MATCH,Set number 60106 found in title; Set name also matches
60106-1,Fire Starter Set,City,2016,B017B1ALMC,LEGO Fire Starter Set 60106,100,,No,MATCH,Set number 60106 found in title; Set name also matches
75115-1,Poe Dameron,Star Wars,2016,B017B1989E,LEGO Star Wars Poe Dameron 75115,95,,Yes,MATCH,Set number 75115 found in title; Set name also matches
75115-1,Poe Dameron,Star Wars,2016,B07VB3B5DB,LEGO 6136875 Star Wars Poe Dameron 75115,95,,No,MATCH,Set number 75115 found in title; Set name also matches
850581-1,Friends Brick Calendar,Friends,2013,B00BJ625IY,LEGO Friends 850581 Brick Calendar,95,,Yes,MATCH,Set number 850581 found in title; Set name also matches
850581-1,Friends Brick Calendar,Friends,2013,B00C1ZMCN0,LEGO® Friends Brick Calendar - 850581,95,,No,MATCH,Set number 850581 found in title; Set name also matches
31126-1,Supersonic-jet,Creator,2022,B09BNTPGVD,"LEGO Creator 3in1 Supersonic Jet Plane to Helicopter to Speed Boat Toy Set, Buildable Vehicle Models for Kids, Boys and Girls 7 Plus Years Old 31126",100,,Yes,MATCH,Set number 31126 found in title
60335-1,Train Station,City,2022,B09RG1XMCT,"LEGO City Train Station Set with Toy Bus for Kids Boys & Girls with Rail Truck, Tracks and Road Plate Level Crossing, Compatible with City Sets 60335",100,,Yes,MATCH,Set number 60335 found in title; Set name also matches
60335-1,Train Station,City,2022,B09XX86DDY,"LEGO City Train Station Set with Toy Bus for Kids Boys & Girls with Rail Truck, Tracks and Road Plate Level Crossing, Compatible with City Sets 60335",100,,No,MATCH,Set number 60335 found in title; Set name also matches
10969-1,Fire Truck,Duplo,2022,B09BNTZH9C,"LEGO DUPLO Fire Engine Toy for 2+ Year Old Boys & Girls - Educational Toys for Toddlers incl. a Truck, Firefighter Figure, Cat & a Tree - Gift Idea - 10969",100,,Yes,MATCH,Set number 10969 found in title; Set name also matches
10969-1,Fire Truck,Duplo,2022,B0BC8VXTN9,LEGO 10969 DUPLO Town Fire Truck,100,,No,MATCH,Set number 10969 found in title; Set name also matches
75050-1,B-wing™,Star Wars,2014,B00H48T2S2,LEGO Star Wars 75050 B-Wing,100,,Yes,MATCH,Set number 75050 found in title
4191-1,Captain's Cabin,Pirates of the Caribbean,2011,B004MWJO0Y,LEGO®Pirates of the Caribbean 4191 : The Captain's Cabin,100,,Yes,MATCH,Set number 4191 found in title; Set name also matches
40112-1,Catwalk Phone Stand,Friends,2014,B00KMBTDSW,Lego 40112,95,,Yes,MATCH,Set number 40112 found in title
30421-1,Skybound Plane,Ninjago,2016,B01BB6XR5Q,LEGO Ninjago: Skybound Plane Set 30421,100,,No,MATCH,Set number 30421 found in title; Set name also matches
40084-1,Accessory Pack,HERO Factory,2013,B00E3H27OI,LEGO Hero Factory Set #40084 Brain Attack - Accessory Pack [Bagged] by LEGO,95,,No,MATCH,Set number 40084 found in title; Set name also matches
7148-1,Meltdown,HERO Factory,2010,B003F80JK0,LEGO Hero Factory 7148 Meltdown,100,,No,MATCH,Set number 7148 found in title; Set name also matches
75170-1,The Phantom,Star Wars,2017,B01J41K0VE,LEGO Star Wars 75170 - The Phantom,100,,Yes,MATCH,Set number 75170 found in title; Set name also matches
75170-1,The Phantom,Star Wars,2017,B01N3LZB3R,LEGO Star Wars The Phantom [75170 - 269 Pieces],100,,No,MATCH,Set number 75170 found in title; Set name also matches
40154-1,Iconic Pencil Pot,Miscellaneous,2015,B00VB5Z6DE,LEGO Exclusives Pencil Pot House Set #40154 by LEGO,95,,No,MATCH,Set number 40154 found in title; Set name also matches
71413-9,Character Pack Series 6 - Complete,Super Mario,2023,B0BBS3WX56,"LEGO 71413 Super Mario Character Packs – Series 6, Collectible Mystery Toy Figures for Kids, Combine with Starter Course Playset for Extra Play (1 Style - Unit Picked at Random)",100,,No,MATCH,Set number 71413 found in title; Set name also matches
10412-1,Animal Train,Duplo,2024,B00CGYW6XW,"LEGO DUPLO My First Animal Train Set - Educational Toy for Toddlers - incl. Rooster, Horse, Lamb & Cow Farm Animal Figures, Birthday Gift for 1+ Year Old Boys & Girls - 10412",100,,Yes,MATCH,Set number 10412 found in title; Set name also matches
76433-1,Mandrake,Harry Potter,2024,B0CWH4S4XH,"LEGO Harry Potter Mandrake Plant Toy Figure and Pot, Magical Set, Wizarding World Gift Idea for Girls, Boys and Fans, Imaginative Kids, Bedroom Decoration or Desk Accessory 76433",100,,No,MATCH,Set number 76433 found in title; Set name also matches
30067-4,Farm - Goat,Duplo,2014,B00LOB5OFU,Lego Duplo Polybag 30067,100,,No,MATCH,Set number 30067 found in title
60007-1,High Speed Chase,City,2013,B00A8HOVKA,Lego City 60007: High Speed Chase,100,,No,MATCH,Set number 60007 found in title; Set name also matches
76290-1,The Avengers vs. The Leviathan,Marvel Super Heroes,2024,B0CWH3JJQ4,"LEGO Marvel The Avengers vs. The Leviathan, Buildable Kids’ Toy, Hulk Figure plus Captain America, Loki, Black Widow and Chitauri Minifigures, for Boys and Girls Aged 7 and Over 76290",100,,No,MATCH,Set number 76290 found in title; Set name also matches
41586-1,Batgirl,BrickHeadz,2017,B00K2SP2L2,LEGO UK 41586 Brickheadz Bat Girl,100,,Yes,MATCH,Set number 41586 found in title
41586-1,Batgirl,BrickHeadz,2017,B06VWGNL42,LEGO BrickHeadz Batgirl 41586 Building Kit,100,,No,MATCH,Set number 41586 found in title; Set name also matches
2141-1,Surge 2.0,HERO Factory,2011,B0042HOTJU,LEGO®Hero Factory 2141 : SURGE 2.0,95,,Yes,MATCH,Set number 2141 found in title; Set name also matches
2141-1,Surge 2.0,HERO Factory,2011,B004478GZQ,LEGO Hero Factory Surge 2.0 (2141),95,,No,MATCH,Set number 2141 found in title; Set name also matches
10910-1,Submarine Adventure,Duplo,2019,B01BK2KPR4,"LEGO 10910 DUPLO Town Submarine Adventure Bath Toy, Air Bubbles, Set for 2 Year Old",100,,No,MATCH,Set number 10910 found in title; Set name also matches
75390-1,Luke Skywalker X-wing Mech,Star Wars,2024,B0CWH293J2,"LEGO Star Wars Luke Skywalker X-Wing Mech, Collectible Building Toy for 6 Plus Year Old Boys, Girls & Kids, with a Character Minifigure for Fantasy Action-Adventures, Small Creative Gift Idea 75390",100,,No,MATCH,Set number 75390 found in title; Set name also matches
10576-1,Zoo Care,Duplo,2014,B00F3B2RHU,LEGO Duplo Zoo Feeding 10576,100,,Yes,MATCH,Set number 10576 found in title
10576-1,Zoo Care,Duplo,2014,B07V9CH8HK,LEGO Duplo Ville 10576 - Zoo,100,,No,MATCH,Set number 10576 found in title
40035-1,Rocking Horse,Seasonal,2012,B009VQYU5U,LEGO Christmas Rocking Horse 40035,95,,Yes,MATCH,Set number 40035 found in title; Set name also matches
40035-1,Rocking Horse,Seasonal,2012,B00LR14NIG,LEGO® Rocking Horse 40035,95,,No,MATCH,Set number 40035 found in title; Set name also matches
45027-1,Letters,Education,2020,B086FNTCCG,LEGO Education Letters (45027),100,,No,MATCH,Set number 45027 found in title; Set name also matches
60220-1,Garbage Truck,City,2019,B07FNW6WQ1,LEGO 60220 City Great Vehicles Garbage Truck,100,,Yes,MATCH,Set number 60220 found in title; Set name also matches
60220-1,Garbage Truck,City,2019,B0C9R5HHFY,LEGO City 60220 Bin Truck Construction Set,100,,No,MATCH,Set number 60220 found in title; Set name also matches
31121-1,Crocodile,Creator,2021,B091P13KXB,LEGO Creator 31121 Krokodil,100,,Yes,MATCH,Set number 31121 found in title
31121-1,Crocodile,Creator,2021,B0973391ND,Lego Creator 31121 - 3-in-1 Crokodile / Snake / Frog (454 pieces),100,,No,MATCH,Set number 31121 found in title
40011-1,Thanksgiving Turkey,Seasonal,2010,B0045SSH5S,LEGO Seasonal Exclusive Mini Figure Set #40011 Turkey Bagged,95,,Yes,MATCH,Set number 40011 found in title; Set name also matches
40011-1,Thanksgiving Turkey,Seasonal,2010,B004DDBBJE,LEGO Creator: Turkey Set 40011 (Bagged),95,,No,MATCH,Set number 40011 found in title; Set name also matches
41806-1,Ultimate Party Kit,Dots,2023,B0BBRVGXPY,"LEGO 41806 DOTS Ultimate Party Kit, Kids Birthday Games and DIY Party Bag Fillers with Toy Cupcakes, Bracelets and Bunting, Creative Crafts Gifts for Girls and Boys",100,,No,MATCH,Set number 41806 found in title; Set name also matches
71213-1,Bad Cop Fun Pack,Dimensions,2015,B01IU3F94K,Lego Dimensions The Lego Movie Fun Pack Bundle of 2 - Benny Fun Pack (71214) & Bad Cop Pack (71213),69,,Yes,MATCH,Set number 71213 found in title; Set name also matches
43101-3,Shark Singer,Vidiyo,2021,B08G4JXV79,LEGO 43101 VIDIYO Bandmates,100,,No,MATCH,Set number 43101 found in title
3861-1,LEGO Champion,Games,2011,B01HW4CVDA,LEGO CHAMPION GAME 3861,100,,No,MATCH,Set number 3861 found in title; Set name also matches
10671-1,Fire Emergency,Juniors,2014,B07BSV3X57,LEGO Juniors 10671 fire alarm,100,,No,MATCH,Set number 10671 found in title; Set name also matches
21140-1,The Chicken Coop,Minecraft,2018,B075GPHS2G,LEGO Minecraft 21140 The Chicken Coop,100,,Yes,MATCH,Set number 21140 found in title; Set name also matches
21140-1,The Chicken Coop,Minecraft,2018,B075RDWR3N,LEGO Minecraft The Chicken Coop 21140 Building Kit (198 Piece),100,,No,MATCH,Set number 21140 found in title; Set name also matches
624210-1,LEGO House 6 Bricks,Promotional,2017,B07M9BXR3W,LEGO House 6 Bricks Promo Polybag Set 624210,71,,No,MATCH,Set number 624210 found in title; Set name also matches
21026-1,Venice,Architecture,2016,B012NOGTWS,LEGO Architecture 21026 Venice Playset,100,,No,MATCH,Set number 21026 found in title; Set name also matches
60374-1,Fire Command Truck,City,2023,B0BBRXYTGB,"LEGO 60374 City Fire Command Unit Set, Rescue Fire Engine Toy, Ultramodern Truck with Land and Air Drones, Emergency Vehicle Toys for Kids, Boys & Girls Aged 6 Plus",100,,Yes,MATCH,Set number 60374 found in title; Set name also matches
60374-1,Fire Command Truck,City,2023,B0BRB8LP73,LEGO City - Fire Command Truck (60374),100,,No,MATCH,Set number 60374 found in title; Set name also matches
10921-1,Super Heroes Lab,Duplo,2020,B07WC14JG7,"LEGO 10921 DUPLO Super Heroes Marvel Lab with Spiderman, Ironman and Captain America, Set for Toddlers 2+ Year Old",100,,Yes,MATCH,Set number 10921 found in title; Set name also matches
10214-1,Tower Bridge,Advanced models,2010,B003Q6BQOY,LEGO Creator 10214: Tower Bridge,100,,Yes,MATCH,Set number 10214 found in title; Set name also matches
10214-1,Tower Bridge,Advanced models,2010,B00B1Q4FZ8,LEGO Creator Expert Tower Bridge (10214),100,,No,MATCH,Set number 10214 found in title; Set name also matches
10505-1,Play House,Duplo,2013,B07F94PTF4,LEGO Duplo 10505 Familienhaus,100,,No,MATCH,Set number 10505 found in title
30328-4,Town Rescue - Cat,Duplo,2019,B07RDX9MSX,LEGO DUPLO Town Rescue Polybag Set 30328 (Bagged),75,,No,MATCH,Set number 30328 found in title; Set name also matches
75184-1,LEGO Star Wars Advent Calendar,Star Wars,2017,B06WD3SGCC,"LEGO UK 75184 ""Star Wars Advent Calendar Construction Toy",100,,Yes,MATCH,Set number 75184 found in title; Set name also matches
75184-1,LEGO Star Wars Advent Calendar,Star Wars,2017,B071S29661,LEGO Star Wars Advent Calendar 2017 (75184),100,,No,MATCH,Set number 75184 found in title; Set name also matches
30496-1,U-wing Fighter,Star Wars,2017,B01MR827V1,Lego StarWars U-Wing Fighter polybag 30496,100,,No,MATCH,Set number 30496 found in title; Set name also matches
75105-1,Millennium Falcon,Star Wars,2015,B00SDTTH5E,LEGO Star Wars 75105 Millennium Falcon,100,,Yes,MATCH,Set number 75105 found in title; Set name also matches
75105-1,Millennium Falcon,Star Wars,2015,B00WI0PJE2,Millennium Falcon LEGO® Star Wars Set 75105,100,,No,MATCH,Set number 75105 found in title; Set name also matches
60411-1,Fire Rescue Helicopter,City,2024,B0CFVWTFPC,"LEGO City Fire Rescue Helicopter Toy for 5 Plus Year Old Boys & Girls, Vehicle Building Set with Firefighter Pilot Minifigure, Imaginative Play Gift for Kids 60411",100,,No,MATCH,Set number 60411 found in title; Set name also matches
ARENDELLE-1,Arendelle Castle,Disney,2019,B07ND9RDRV,LEGO 41167 Disney Princess Arendelle Castle Village,69,,No,MATCH,Set number ARENDELLE found in title; Set name also matches
ARENDELLE-1,Arendelle Castle,Disney,2019,B0DHSBJQWD,LEGO ǀ Disney Princess Arendelle Frozen Castle Toy - Building Set incl. Anna & Elsa Mini Dolls plus Olaf & Penguin Figures - Gift for 5+ Year Old Girls - 43265,69,,No,MATCH,Set number ARENDELLE found in title; Set name also matches
10967-1,Police Motorcycle,Duplo,2022,B09BNT7C3D,"LEGO 10967 DUPLO Town Rescue Police Motorcycle Toy for Toddlers, Boys & Girls 2 Plus Years Old, with Police Officer and Dog Figure, Early Development Toys",100,,Yes,MATCH,Set number 10967 found in title; Set name also matches
10967-1,Police Motorcycle,Duplo,2022,B0CTYBW16Q,LEGO Duplo Police Motorcycle 10967,100,,No,MATCH,Set number 10967 found in title; Set name also matches
31056-1,Green Cruiser,Creator,2017,B01J41DX54,LEGO 31056 Green Cruiser Set,100,,Yes,MATCH,Set number 31056 found in title; Set name also matches
31056-1,Green Cruiser,Creator,2017,B01LCUT566,LEGO Creator 31056 Green Disposal,100,,No,MATCH,Set number 31056 found in title; Set name also matches
31056-1,Green Cruiser,Creator,2017,B07NF82F3L,LEGO - Creator Convertible Green - MG-LEGO-31056,100,,No,MATCH,Set number 31056 found in title; Set name also matches
42083-1,Bugatti Chiron,Technic,2018,B0792RB3B6,LEGO 42083 Technic Bugatti Chiron,100,,Yes,MATCH,Set number 42083 found in title; Set name also matches
60153-1,People Pack - Fun at the Beach,City,2017,B06X3RZDNF,"LEGO UK 60153 ""People Pack Fun At The Beach Construction Toy",100,,Yes,MATCH,Set number 60153 found in title; Set name also matches
60153-1,People Pack - Fun at the Beach,City,2017,B0716SHP6V,"LEGO UK 60153 ""People Pack Fun At The Beach Construction Toy",100,,No,MATCH,Set number 60153 found in title; Set name also matches
4000016-1,Billund Airport,Miscellaneous,2014,B00TKFR4NC,Lego Billund Airport 4000016 special edition,100,,No,MATCH,Set number 4000016 found in title; Set name also matches
42137-1,Formula E Porsche 99x Electric,Technic,2022,B09BNXCN3R,"LEGO 42137 Technic Formula E Porsche 99X Electric, Pull Back Toy Racing Car Model Building Kit With Immersive AR App Play, Gifts Kids, Boys & Girls",100,,Yes,MATCH,Set number 42137 found in title; Set name also matches
42137-1,Formula E Porsche 99x Electric,Technic,2022,B0BC8X96GZ,LEGO Technic 42137 Formula E® Porsche 99X Electric,100,,No,MATCH,Set number 42137 found in title; Set name also matches
30229-1,Repair Lift,City,2014,B00KHLSVC6,LEGO City: Cherry Picker Lift Set 30229 (Bagged),100,,No,MATCH,Set number 30229 found in title; Set name also matches
2256-1,Lord Garmadon,Ninjago,2011,B004P98QX0,Lego Ninjago Lord Garmadon 2256,95,,No,MATCH,Set number 2256 found in title; Set name also matches
70795-1,Mask Maker vs. Skull Grinder,Bionicle,2015,B00SDTV3LK,LEGO Bionicle 70795 Mask Maker VS Skull Grinder Action Figure,100,,Yes,MATCH,Set number 70795 found in title; Set name also matches
70795-1,Mask Maker vs. Skull Grinder,Bionicle,2015,B013B15VXU,Lego Mask Maker Vs. Skull Grinder - 70795,100,,No,MATCH,Set number 70795 found in title; Set name also matches
41775-1,Rainbow Unikitty,Unikitty,2018,B07B14J2PQ,LEGO 41775 Unikitty Unicorn Kitty - Collector's Series 1,100,,No,MATCH,Set number 41775 found in title; Set name also matches
60127-1,Prison Island Starter Set,City,2016,B012NOIBX8,LEGO City Police 60127: Prison Island Starter Set Mixed,100,,Yes,MATCH,Set number 60127 found in title; Set name also matches
60127-1,Prison Island Starter Set,City,2016,B017B1AZN2,LEGO 60127 City Police Prison Island Starter Set,100,,No,MATCH,Set number 60127 found in title; Set name also matches
7913-1,Clone Trooper Battle Pack,Star Wars,2011,B0042HOU26,LEGO®Star Wars TM 7913 : Clone Trooper ™ Battle Packs,100,,Yes,MATCH,Set number 7913 found in title; Set name also matches
7913-1,Clone Trooper Battle Pack,Star Wars,2011,B004KEHYNS,LEGO Star Wars 7913 Clone Soldier with Blaster Figure (game 7913),100,,No,MATCH,Set number 7913 found in title
7913-1,Clone Trooper Battle Pack,Star Wars,2011,B004KEIE96,"LEGO Star Wars Clone Trooper with Blaster (Game 7913), White/Green",100,,No,MATCH,Set number 7913 found in title; Set name also matches
10557-1,Giant Tower,Duplo,2013,B00E5TTUUI,LEGO DUPLO 10557 XXL Brick Box,100,,No,MATCH,Set number 10557 found in title
6432433-1,Dragon Adventure Ride,Promotional,2022,B0BNF6Z7R4,Lego 6432433 Dragon Adventure Ride 5007428 Dragon Adventure Ride,100,,No,MATCH,Set number 6432433 found in title; Set name also matches
30132-1,Captain Jack Sparrow,Pirates of the Caribbean,2011,B002I0EG32,LEGO 30132 Pirates of the Caribbean On Stranger Tides Jack Sparrow Minifigure,95,,Yes,MATCH,Set number 30132 found in title; Set name also matches
30132-1,Captain Jack Sparrow,Pirates of the Caribbean,2011,B0058WH3VE,LEGO 30132 Pirates of the Caribbean Jack Sparrow Mini Figure,95,,No,MATCH,Set number 30132 found in title; Set name also matches
10874-1,Steam Train,Duplo,2018,B07H6LPNB7,"LEGO Poci¹g parowy 10874, Red, CM 10 X 30 X 7",100,,No,MATCH,Set number 10874 found in title
10874-1,Steam Train,Duplo,2018,B0984RZSZ2,"LEGO 10874 DUPLO Town Steam Train, Toys for Toddlers, Boys and Girls 2 - 5 Years Old with Light & Sound, Push & Go Battery Powered Set with RC Function, Gift Idea",100,,No,MATCH,Set number 10874 found in title; Set name also matches
41906-1,Pineapple Pencil Holder,Dots,2020,B07XBTKFVB,LEGO 41906 DOTS Pineapple Pencil Holder,100,,Yes,MATCH,Set number 41906 found in title; Set name also matches
30653-1,Batman 1992,DC Comics Super Heroes,2023,B0C6QYVMF4,LEGO 30653 DC Comics Super Heroes Batman 1992 Polybag for 6+ Years,95,,No,MATCH,Set number 30653 found in title; Set name also matches
71394-10,Boo,Super Mario,2021,B08WWYCMRD,"LEGO 71394 Super Mario Character Packs – Series 3, Toy Collectible Figures, Gift Idea for Kids (1 Unit - Style Picked At Random)",100,,No,MATCH,Set number 71394 found in title
9480-1,Finn McMissile,Cars,2012,B006TF729M,Lego Cars Finn McMissile 9480,95,,No,MATCH,Set number 9480 found in title; Set name also matches
911838-1,Probe Droid,Star Wars,2018,B07H2L8KKL,LEGO Star Wars Probe Droid Minifigure Foil Pack Set 911838,71,,No,MATCH,Set number 911838 found in title; Set name also matches
5002127-1,Flashback Shredder,Teenage Mutant Ninja Turtles,2014,B00K7KA8UK,Lego 5002127,95,,Yes,MATCH,Set number 5002127 found in title
5002127-1,Flashback Shredder,Teenage Mutant Ninja Turtles,2014,B00LAFALE4,LEGO Teenage Mutant Ninja Turtles (5002127),95,,No,MATCH,Set number 5002127 found in title
41385-1,Emma's Summer Heart Box,Friends,2019,B07KTKCQVG,LEGO 41385 Friends Emma's Summer Heart Box,100,,No,MATCH,Set number 41385 found in title; Set name also matches
66550-1,City Police Value Pack,City,2017,B075NSY61X,"LEGO 66550 CITY POLICE VALUE PACK (contains 60136, 60137 & 60138)",85,,No,MATCH,Set number 66550 found in title; Set name also matches
6346097-1,Yoda's Lightsaber,Star Wars,2020,B08K8LRPTT,LEGO Star Wars Yoda's Lightsaber 6346097,77,,Yes,MATCH,Set number 6346097 found in title; Set name also matches
76206-1,Iron Man Figure,Marvel Super Heroes,2022,B09BNTQZXG,LEGO Marvel Iron Man Figure 76206 Building Kit; Realistic Model for Play and Display Based on Iron Man from Marvel Studios’ Avengers: Age of Ultron; Collectible Gift for Kids Aged 9+ (381 Pieces),100,,Yes,MATCH,Set number 76206 found in title; Set name also matches
76206-1,Iron Man Figure,Marvel Super Heroes,2022,B0BC8WFFTK,***2022*** (JAN) 76206 LEGO Marvel Iron Man Figure,100,,No,MATCH,Set number 76206 found in title; Set name also matches
75325-1,The Mandalorian's N-1 Starfighter,Star Wars,2022,B09BNZXG6W,"LEGO Star Wars The Mandalorian's N-1 Starfighter Building Toy, The Book of Boba Fett, Gift idea for Kids, Boys & Girls Age 9 Plus with Baby Yoda and Droid Figures 75325",100,,Yes,MATCH,Set number 75325 found in title; Set name also matches
75325-1,The Mandalorian's N-1 Starfighter,Star Wars,2022,B0BRB4TFD8,LEGO 75325 Star Wars 75325 The Mandalorian's No.1 Hunter,100,,No,MATCH,Set number 75325 found in title; Set name also matches
70831-1,Emmet's Dream House/Rescue Rocket!,The LEGO Movie 2,2019,B07FNW8R5H,LEGO The Movie 2 70831 Emmet's Dream House/Rescue Rocket!,100,,No,MATCH,Set number 70831 found in title; Set name also matches
41628-1,Princess Leia Organa,BrickHeadz,2018,B0792R8R3T,"LEGO UK 41628 ""Princess Leia Organa"" Building Set",100,,No,MATCH,Set number 41628 found in title; Set name also matches
PANDA-1,Panda,Promotional,2019,B0DHSF89CQ,LEGO Creator 3in1 Wild Animals: Panda Family Toy - Transforms into Penguin Figures or Orca Whale Toys - Creative Birthday Gift for 8+ Year Old Girls & Boys - 31165,61,,No,MATCH,Set number PANDA found in title; Set name also matches
21125-1,The Jungle Tree House,Minecraft,2016,B013JQDVXE,LEGO Minecraft 21125 The Jungle Tree House Playset,95,,Yes,MATCH,Set number 21125 found in title; Set name also matches
21125-1,The Jungle Tree House,Minecraft,2016,B01AW1R0OU,LEGO Minecraft The Jungle Tree House 21125,95,,No,MATCH,Set number 21125 found in title; Set name also matches
75120-1,K-2SO,Star Wars,2016,B01CCT38BO,"LEGO Star Wars 75120 K-2SO 169-Piece Buildable Figure, 11-inch",95,,Yes,MATCH,Set number 75120 found in title; Set name also matches
75120-1,K-2SO,Star Wars,2016,B01CVGV914,LEGO STAR WARS K-2SO 75120 by LEGO,95,,No,MATCH,Set number 75120 found in title; Set name also matches
41062-1,Elsa's Sparkling Ice Castle,Disney,2015,B00NGJO9AO,LEGO Disney Princess 41062 Elsa's Sparkling Ice Castle,100,,Yes,MATCH,Set number 41062 found in title; Set name also matches
41062-1,Elsa's Sparkling Ice Castle,Disney,2015,B00NHQGE04,Lego Disney Princess Elsa’s Sparkling Ice Castle 41062,100,,No,MATCH,Set number 41062 found in title; Set name also matches
10254-1,Winter Holiday Train,Creator Expert,2016,B07GT159VD,LEGO Creator Winter Holiday Train 10254,100,,No,MATCH,Set number 10254 found in title; Set name also matches
10415-1,Big Feelings & Emotions,Duplo,2024,B00CO2EN8M,"LEGO DUPLO My First Big Feelings & Emotions - Early Learning & Development Toys for Toddlers, 1+ Year Old Girls and Boys - incl. 4 Characters, 8 Facial Expressions, 23 Colourful Bricks - 10415",100,,No,MATCH,Set number 10415 found in title; Set name also matches
41900-1,Rainbow Bracelet,Dots,2020,B07XBTPQFD,"LEGO 41900 DOTS Rainbow Bracelet DIY Jewellery Beads Set, Art and Craft for Kids",100,,Yes,MATCH,Set number 41900 found in title; Set name also matches
41900-1,Rainbow Bracelet,Dots,2020,B085YVQK42,"LEGO DOTS Rainbow Bracelet 41900 DIY Craft Bracelet Making Kit; A Fun Craft kit for Kids who Like Making Creative Jewelry, That Also Makes a Cool Holiday or Birthday Gift Toy, New 2020 (33 Pieces)",100,,No,MATCH,Set number 41900 found in title; Set name also matches
9394-1,Jet Plane,Technic,2012,B00B6W7OVO,Lego technique jet plane 9394 (parallel import goods) (japan import),100,,No,MATCH,Set number 9394 found in title; Set name also matches
30327-1,My First Duck,Duplo,2019,B07NPMFC5V,LEGO Duplo My First Duck Polybag Set 30327 (Bagged),100,,No,MATCH,Set number 30327 found in title; Set name also matches
60169-1,Cargo Terminal,City,2017,B06WD3SGC5,LEGO UK 60169 Cargo Terminal Construction Toy,100,,Yes,MATCH,Set number 60169 found in title; Set name also matches
60169-1,Cargo Terminal,City,2017,B0722YM3PL,LEGO City Town Cargo Terminal 60169 Building Kit (740 Piece),100,,No,MATCH,Set number 60169 found in title; Set name also matches
75347-1,TIE Bomber,Star Wars,2023,B0BBRZMRDP,LEGO Star Wars 75347 TIE Bomber Building Toy - Starship Model incl. a Gonk Droid Figure & Darth Vader Minifigure with a Lightsaber - Gift for 9+ Year Old Boys,100,,No,MATCH,Set number 75347 found in title; Set name also matches
30230-1,Mini Mech,Space,2013,B00BKO7J3G,Lego Galaxy Squad Mini Mech (30230) by LEGO,100,,Yes,MATCH,Set number 30230 found in title; Set name also matches
30230-1,Mini Mech,Space,2013,B00CFCKU7E,LEGO GALAXY SQUAD SPACE WALKER #30230,100,,No,MATCH,Set number 30230 found in title
31123-1,Off-Road Buggy,Creator,2022,B09BNVCYH9,"LEGO 31123 Creator 3 In 1 Off-Road Buggy To Skid Loader Digger To ATV Car Toy, 3 Vehicle Construction Set Kids 7 Plus Years Old",100,,Yes,MATCH,Set number 31123 found in title; Set name also matches
31123-1,Off-Road Buggy,Creator,2022,B0B8NVBZ5C,LEGO Creator 31123 The All-Terrain Buggy,100,,No,MATCH,Set number 31123 found in title; Set name also matches
31134-1,Space Shuttle,Creator,2023,B0BBRYHTPS,"LEGO 31134 Creator 3 in 1 Space Shuttle Toy to Astronaut Figure to Spaceship, Building Toys for Kids, Boys, Girls Aged 6 and up, Creative Gift Idea",100,,No,MATCH,Set number 31134 found in title; Set name also matches
6912-1,Super Soarer,Creator,2012,B005KIR3O8,"LEGO Creator 3in1, 6912 Super Soarer",100,,No,MATCH,Set number 6912 found in title; Set name also matches
21309-1,NASA Apollo Saturn V,Ideas,2017,B01MUANC80,LEGO Ideas NASA Apollo Saturn V (21309),100,,Yes,MATCH,Set number 21309 found in title; Set name also matches
21309-1,NASA Apollo Saturn V,Ideas,2017,B06XRXB92G,LEGO Ideas - Nasa Apollo - Saturn V (21309),100,,No,MATCH,Set number 21309 found in title; Set name also matches
10338-1,Bumblebee,Icons,2024,B01N1O0FES,"LEGO Icons Transformers Bumblebee Action Figure Building Set, Collectible Robot Model Kit for Adults to Build, Converts to Vehicle Mode, Gifts for Men, Women, Him, Her and Sci-Fi Fans 10338",100,,No,MATCH,Set number 10338 found in title; Set name also matches
ELF-1,Mirkwood Elf,The Hobbit,2013,B00C2VGD9C,LEGO The Hobbit: Mirkwood Elf Chief Minifigure,68,,Yes,MATCH,Set number ELF found in title; Set name also matches
ELF-1,Mirkwood Elf,The Hobbit,2013,B00CNZTS30,LEGO 79004 The Hobbit Barrel Escape Mirkwood Elf Guard Minifig Minifigure,68,,No,MATCH,Set number ELF found in title; Set name also matches
10909-1,Heart Box,Duplo,2020,B01N0OTT4X,"LEGO 10909 DUPLO Classic Heart Box, First Bricks Building Toy, Educational Activity and Development Set, Early Learning Toys for Toddlers 1.5-3 Years Old",100,,Yes,MATCH,Set number 10909 found in title; Set name also matches
10909-1,Heart Box,Duplo,2020,B081F8QRJ5,"LEGO 10909 DUPLO Classic Heart Box, First Bricks Building Toy with Helicopter, Boat, Animal Toys and More, Gifts for Toddlers and Kids 1.5 Years Old",100,,No,MATCH,Set number 10909 found in title; Set name also matches
8068-1,Rescue Helicopter,Technic,2011,B0042HOU6C,LEGO Technic 8068 : Rescue Helicopter,100,,Yes,MATCH,Set number 8068 found in title; Set name also matches
8068-1,Rescue Helicopter,Technic,2011,B004478GQA,LEGO® Technic 8068 : Rescue Helicopter,100,,No,MATCH,Set number 8068 found in title; Set name also matches
21117-1,The Ender Dragon,Minecraft,2014,B00MYWFRKA,LEGO Minecraft The Ender Dragon - 21117.,100,,No,MATCH,Set number 21117 found in title; Set name also matches
75114-1,First Order Stormtrooper,Star Wars,2016,B017B18XI6,Lego Star Wars First Order Stormtrooper Buildable Figure 75114,95,,No,MATCH,Set number 75114 found in title; Set name also matches
40418-1,Falcon & Black Widow Team-Up,Marvel Super Heroes,2020,B089T8X3M9,LEGO Super Heroes Falcon and Black Widow Team Up Set 40418,95,,No,MATCH,Set number 40418 found in title; Set name also matches
8196-1,Chopper Jump,Racers,2010,B002KCNVHA,LEGO Racers 8196 Chopper Jump,100,,Yes,MATCH,Set number 8196 found in title; Set name also matches
8196-1,Chopper Jump,Racers,2010,B002ZG8LL2,LEGO Racers 8196 Chopper Jump,100,,No,MATCH,Set number 8196 found in title; Set name also matches
41396-1,Puppy Playground,Friends,2020,B07W5PWBF5,LEGO 41396 Friends Puppy Playground,100,,No,MATCH,Set number 41396 found in title; Set name also matches
41396-1,Puppy Playground,Friends,2020,B085RK6LSG,"LEGO 41396 Friends Puppy Playground Playset with Mia, 2 Dog Figures, Slide and Merry Go Round for Preschool Kids",100,,No,MATCH,Set number 41396 found in title; Set name also matches
70502-1,Cole's Earth Driller,Ninjago,2013,B00A8HOYMU,LEGO Ninjago Cole Earth Driller 70502,100,,No,MATCH,Set number 70502 found in title; Set name also matches
21006-1,The White House,Architecture,2010,B003U4A12U,LEGO Architecture 21006 The White House Playset,100,,Yes,MATCH,Set number 21006 found in title; Set name also matches
41346-1,Friendship Box,Friends,2018,B07658Q4VS,LEGO 41346 Friends Friendship Box,100,,Yes,MATCH,Set number 41346 found in title; Set name also matches
41346-1,Friendship Box,Friends,2018,B07H6S6LXQ,LEGO 41346 Friends Friendship Box,100,,No,MATCH,Set number 41346 found in title; Set name also matches
LUKE-1,Luke Skywalker,Star Wars,2019,B0CWH293J2,"LEGO Star Wars Luke Skywalker X-Wing Mech, Collectible Building Toy for 6 Plus Year Old Boys, Girls & Kids, with a Character Minifigure for Fantasy Action-Adventures, Small Creative Gift Idea 75390",62,,No,MATCH,Set number LUKE found in title; Set name also matches
41539-1,Krog,Mixels,2015,B00WP50REM,"LEGO Mixels 41539 - Series 5 Krog Characters, Blue",100,,No,MATCH,Set number 41539 found in title; Set name also matches
71798-1,Nya and Arin's Baby Dragon Battle,Ninjago,2023,B0C6DMRYJC,LEGO 71798 Nya & Arin's Baby Dragon War - New.,100,,No,MATCH,Set number 71798 found in title; Set name also matches
60126-1,Tire Escape,City,2016,B012NOKKEG,LEGO City Police 60126: Tire Escape Mixed,100,,Yes,MATCH,Set number 60126 found in title; Set name also matches
76948-1,T. rex & Atrociraptor Dinosaur Breakout,Jurassic World,2022,B09BNXBPTJ,"LEGO Jurassic World T. rex & Atrociraptor Dinosaur Breakout 76948 Building Kit; Fun Toy Playset for Kids Aged 8 and Up, Featuring 2 Dinosaurs, a Big Rig Truck, Market and 4 Minifigures (466 Pieces)",100,,Yes,MATCH,Set number 76948 found in title; Set name also matches
76948-1,T. rex & Atrociraptor Dinosaur Breakout,Jurassic World,2022,B09RN48TR6,"LEGO 76948 Jurassic World T. rex & Atrociraptor Dinosaur Breakout Dino Toy Set, Toys for Kids Age 8 Plus with 4 Minifigures, Market and Truck, 2022 Movie Inspired",100,,No,MATCH,Set number 76948 found in title; Set name also matches
76134-1,Spider-Man: Doc Ock Diamond Heist,Marvel Super Heroes,2019,B07FNW8PHR,"LEGO Super Heroes 76134 Spider-Man Diamonds, Colourful",100,,Yes,MATCH,Set number 76134 found in title
43101-8,Banshee Singer,Vidiyo,2021,B08G4JXV79,LEGO 43101 VIDIYO Bandmates,100,,No,MATCH,Set number 43101 found in title
30690-1,{?},Creator,2025,B0DVQCG658,LEGO Creator Easter Egg Chick Painting Fun Polybag Set 30690,100,,No,MATCH,Set number 30690 found in title
40389-1,Photo Frame,Miscellaneous,2018,B07MD3XQT4,LEGO LEGOLAND Pirates Photo Frame Set 40389,100,,No,MATCH,Set number 40389 found in title; Set name also matches
76277-1,War Machine Mech Armor,Marvel Super Heroes,2024,B0CFW1FG68,"LEGO Marvel War Machine Mech Armour, Buildable Toy Action Figure for Kids with 3 Stud Shooters, Legendary Character from the MCU, Gifts for Boys and Girls Aged 6 Plus Years Old 76277",100,,No,MATCH,Set number 76277 found in title; Set name also matches
66637-1,City 2 in 1 pack,City,2020,B09KHFZ56K,LEGO CITY 66637 Super Pack 2-in-1 Forrest Fire and Street Sweeper 173-Pieces,95,,No,MATCH,Set number 66637 found in title; Set name also matches
76048-1,Iron Skull Sub Attack,Marvel Super Heroes,2016,B012NOGTLY,LEGO MARVEL Super Heroes 76048 Iron Skull Sub Attack,95,,Yes,MATCH,Set number 76048 found in title; Set name also matches
76048-1,Iron Skull Sub Attack,Marvel Super Heroes,2016,B017B1C5U8,LEGO Super Heroes Iron Skull Sub Attack 76048,95,,No,MATCH,Set number 76048 found in title; Set name also matches
76210-1,Hulkbuster,Marvel Super Heroes,2022,B0BLST4LM4,LEGO Marvel 76210 L Hulkbuster Armour,100,,No,MATCH,Set number 76210 found in title; Set name also matches
6435202-1,Space Adventure Ride,Promotional,2023,B0CJ7DMVTY,"LEGO Space Adventure Ride 6435202 (168 Pieces), Yellow",79,,No,MATCH,Set number 6435202 found in title; Set name also matches
60437-1,Jungle Explorer Helicopter at Base Camp,City,2024,B0CVQRJLQP,"LEGO City Jungle Explorer Helicopter at Base Camp, Vehicle Building Toy Adventure Set for 8 Plus Year Old Kids, Boys & Girls, with 5 Minifigures and 3 Gorilla Animal Figures, Creative Gift Idea 60437",100,,No,MATCH,Set number 60437 found in title; Set name also matches
30328-6,Town Rescue - Dog,Duplo,2019,B07RDX9MSX,LEGO DUPLO Town Rescue Polybag Set 30328 (Bagged),75,,No,MATCH,Set number 30328 found in title; Set name also matches
71394-2,Amp,Super Mario,2021,B08WWYCMRD,"LEGO 71394 Super Mario Character Packs – Series 3, Toy Collectible Figures, Gift Idea for Kids (1 Unit - Style Picked At Random)",100,,No,MATCH,Set number 71394 found in title
71766-1,Lloyd's Legendary Dragon,Ninjago,2022,B09BNWKL53,"LEGO NINJAGO Lloyd’s Legendary Dragon 71766 Building Kit Playset Featuring a Ninja Battle Toy, NINJAGO Lloyd and Snake Figures; Building Kit for Ninja Fans Aged 8+ (747 Pieces)",100,,Yes,MATCH,Set number 71766 found in title; Set name also matches
71766-1,Lloyd's Legendary Dragon,Ninjago,2022,B09FM2TJPZ,LEGO NINJAGO Lloyd's Legendary Dragon 71766 Ninja Fighting Toy Game Kit NINJAGO Lloyd and Snake Figures Construction Kit for Ninja Fans Ages 8+ (747 Pieces),100,,No,MATCH,Set number 71766 found in title; Set name also matches
71766-1,Lloyd's Legendary Dragon,Ninjago,2022,B09ML3KT1B,LEGO 71766 Ninjago The Legendary Dragon of Lloyd Toy for Girls and Boys 8 Years Old with Viper Snake and Python Figures with Mission Banner to Collect,100,,No,MATCH,Set number 71766 found in title; Set name also matches
71766-1,Lloyd's Legendary Dragon,Ninjago,2022,B0BC6RNNMW,"LEGO 71766 NINJAGO Le Dragon Légendaire de Lloyd, Figurines de Ninja Lloyd, Nya avec Épée, Jouet de Dragon, pour Enfants 8 Ans",100,,No,MATCH,Set number 71766 found in title
4000026-1,LEGO House Tree of Creativity,Promotional,2018,B07B6SQCLQ,LEGO 4000026 Tree of Creativity,100,,Yes,MATCH,Set number 4000026 found in title; Set name also matches
4000026-1,LEGO House Tree of Creativity,Promotional,2018,B07MGBZSXB,"4000026 LEGO House Tree of Creativity, (2724630204499)",100,,No,MATCH,Set number 4000026 found in title; Set name also matches
21058-1,The Great Pyramid of Giza,Architecture,2022,B09QFSZK1G,"LEGO Architecture Great Pyramid of Giza Set, Home Decor Model Building Kit, Gift Idea for Adults, Men, Women, Mum, Dad, Creative Activity, Famous Landmarks Collection 21058",100,,Yes,MATCH,Set number 21058 found in title; Set name also matches
21058-1,The Great Pyramid of Giza,Architecture,2022,B09XSMHNX8,LEGO Architecture 21058 Cheops-Pyramide 21058,100,,No,MATCH,Set number 21058 found in title
75979-1,Hedwig,Harry Potter,2020,B0813S3VDM,"LEGO Harry Potter Hedwig 75979 Cool, Collectible, Mechanical Toy, Hedwig the Owl Delivering a Letter from Hogwarts; Great Christmas or Birthday Gift for Kids Who Love Harry Potter Toys (630 Pieces)",100,,Yes,MATCH,Set number 75979 found in title; Set name also matches
75979-1,Hedwig,Harry Potter,2020,B08HGWHNGN,LEGO Harry Potter Hedwig 75979,100,,No,MATCH,Set number 75979 found in title; Set name also matches
10983-1,Organic Market,Duplo,2023,B0BBRYNNF7,"LEGO DUPLO My First Organic Market, Fruit and Vegetables Toy Food Set, Learn Numbers, Stacking Educational Toys for Toddlers 18 Months - 3 Years Old 10983",100,,No,MATCH,Set number 10983 found in title; Set name also matches
21046-1,Empire State Building,Architecture,2019,B07KTLHZVC,"LEGO 21046 Architecture Empire State Building New York Landmark, Creative Activity, Collectible Model Kits for Adults to Build, Home Decor Gift Idea",100,,Yes,MATCH,Set number 21046 found in title; Set name also matches
60139-1,Mobile Command Centre,City,2017,B01J41G4SC,LEGO 60139 City Police Mobile Command Center,100,,Yes,MATCH,Set number 60139 found in title; Set name also matches
60139-1,Mobile Command Centre,City,2017,B07H6N3MV1,LEGO City Mobilne Centrum Dowodzenia 60139,100,,No,MATCH,Set number 60139 found in title
71214-1,Benny Fun Pack,Dimensions,2015,B01IU3F94K,Lego Dimensions The Lego Movie Fun Pack Bundle of 2 - Benny Fun Pack (71214) & Bad Cop Pack (71213),70,,No,MATCH,Set number 71214 found in title; Set name also matches
76896-1,Nissan GT-R NISMO,Speed Champions,2020,B07W7TKVVP,"LEGO 76896 Speed Champions Nissan GT-R NISMO Model Car Toy, Racing Car Set for Kids 7+ Years Old with Racer Driver Minifigure",100,,Yes,MATCH,Set number 76896 found in title; Set name also matches
76896-1,Nissan GT-R NISMO,Speed Champions,2020,B07WHMBVTF,"LEGO Speed Champions Nissan GT-R NISMO 76896 Toy Model Cars Building Kit Featuring Minifigure, New 2020 (298 Pieces)",100,,No,MATCH,Set number 76896 found in title; Set name also matches
60282-1,Fire Command Unit,City,2021,B08G4PB499,LEGO 60282 City Fire Fire Command Unit,100,,Yes,MATCH,Set number 60282 found in title; Set name also matches
10328-1,Bouquet of Roses,Icons,2024,B01MRT58RZ,LEGO Botanicals Bouquet of Roses - Artificial Flowers Set for Adults - incl. 12 Faux Roses & 4 Sprigs of Baby's Breath for Home Decor - DIY Gift Idea - Valentine's Day Treat - 10328,100,,Yes,MATCH,Set number 10328 found in title; Set name also matches
10328-1,Bouquet of Roses,Icons,2024,B0FZDHW942,LEGO Botanicals Bouquet of Roses - Artificial Flowers Set for Adults - incl. 12 Faux Roses & 4 Sprigs of Baby's Breath for Home Decor - Christmas DIY - Gift Idea - 10328,100,,No,MATCH,Set number 10328 found in title; Set name also matches
10328-1,Bouquet of Roses,Icons,2024,B0G4WKS63G,LEGO Botanicals Bouquet of Roses - Artificial Flowers Set for Adults - incl. 12 Faux Roses & 4 Sprigs of Baby's Breath for Home Decor - Christmas DIY - Gift Idea - 10328,100,,No,MATCH,Set number 10328 found in title; Set name also matches
31145-1,Red Dragon,Creator,2024,B0CFVYDZS6,"LEGO Creator 3in1 Red Dragon Toy to Fish Figure to Phoenix Bird Model, Animal Figures Set, Gifts for 6 Plus Year Old Boys, Girls and Kids 31145",100,,No,MATCH,Set number 31145 found in title; Set name also matches
5864-1,Mini Helicopter,Creator,2010,B002KCNUWQ,LEGO Creator 5864 Mini Helicopter,100,,Yes,MATCH,Set number 5864 found in title; Set name also matches
10524-1,Farm Tractor,Duplo,2014,B00IM6INC6,Lego Duplo Town Farm Tractor - 10524,100,,No,MATCH,Set number 10524 found in title; Set name also matches
10271-1,Fiat 500,Creator Expert,2020,B084ZR2D5Y,LEGO CREATOR Expert Fiat 500 - 10271,100,,Yes,MATCH,Set number 10271 found in title; Set name also matches
10271-1,Fiat 500,Creator Expert,2020,B085BJVN2B,LEGO Creator 10271 Fiat 500 Classic,100,,No,MATCH,Set number 10271 found in title; Set name also matches
41335-1,Mia's Tree House,Friends,2018,B075RDRJLW,LEGO 41335 Friends Mia's Tree House,100,,Yes,MATCH,Set number 41335 found in title; Set name also matches
41335-1,Mia's Tree House,Friends,2018,B075SVTWHP,LEGO Friends 41335 Mia's Tree House,100,,No,MATCH,Set number 41335 found in title; Set name also matches
71807-1,Sora's Elemental Tech Mech,Ninjago,2024,B0CFVYS1DB,"LEGO NINJAGO Sora’s Elemental Tech Mech, Customisable Ninja Action Figure Toy for 7 Plus Year Old Boys and Girls, Set with Katanas & Sora Minifigure for Independent Play, Birthday Gift Idea 71807",100,,No,MATCH,Set number 71807 found in title; Set name also matches
41953-1,Rainbow Bracelet with Charms,Dots,2022,B09RGC12RS,LEGO 41953 DOTS Rainbow Bracelet with Charms,100,,Yes,MATCH,Set number 41953 found in title; Set name also matches
41953-1,Rainbow Bracelet with Charms,Dots,2022,B09XVM4Z4Z,"LEGO DOTS Rainbow Bracelet with Charms 41953 DIY Bracelet Building Toy Set for Girls, Boys, and Kids Ages 6+; Craft Kit with Unlimited Variations (37 Pieces)",100,,No,MATCH,Set number 41953 found in title; Set name also matches
66533-1,Microfighter 3 in 1 Super Pack,Star Wars,2015,B014ZLQILO,Lego Star Wars Super Pack 3 in 1 - 66533 Microfighters,72,,No,MATCH,Set number 66533 found in title; Set name also matches
75373-1,Ambush on Mandalore Battle Pack,Star Wars,2024,B0CWH3KWHM,"LEGO Star Wars: The Mandalorian Ambush on Mandalore Battle Pack, Building Toy for 6 Plus Year Old Boys & Girls, with 4 Character Minifigures, Small Creative Gift for Kids 75373",100,,No,MATCH,Set number 75373 found in title; Set name also matches
75219-1,Imperial AT-Hauler,Star Wars,2018,B0792QCD6Z,LEGO 75219 Star Wars TM Imperial AT-Hauler,100,,Yes,MATCH,Set number 75219 found in title; Set name also matches
75219-1,Imperial AT-Hauler,Star Wars,2018,B07F8XJWXZ,"LEGO Star Wars 75219 Includes 5 Minifigures, Rotating Arms, Side Cannons, 829 Pieces, Ages 36 months and Up",100,,No,MATCH,Set number 75219 found in title
71394-4,Parachute Bob-omb,Super Mario,2021,B08WWYCMRD,"LEGO 71394 Super Mario Character Packs – Series 3, Toy Collectible Figures, Gift Idea for Kids (1 Unit - Style Picked At Random)",100,,No,MATCH,Set number 71394 found in title
71816-1,Zane's Ice Motorcycle,Ninjago,2024,B0CWH38T18,"LEGO NINJAGO Zane’s Ice Motorcycle Toy for 7 Plus Year Old Boys & Girls, Dragons Rising Motorbike Set with a Zane Character Minifigure, Ninja Adventure Playset, Small Vehicle Gift for Kids 71816",100,,No,MATCH,Set number 71816 found in title; Set name also matches
21019-1,The Eiffel Tower,Architecture,2014,B00AW08UN2,Lego Architecture The Eiffel Tower Set - 21019,100,,Yes,MATCH,Set number 21019 found in title; Set name also matches
21019-1,The Eiffel Tower,Architecture,2014,B00G5HXIEM,LEGO Architecture 21019 The Eiffel Tower Playset,100,,No,MATCH,Set number 21019 found in title; Set name also matches
41915-1,Jewellery Box,Dots,2020,B0813R7CCZ,LEGO 41915 DOTS Jewellery Box,100,,Yes,MATCH,Set number 41915 found in title; Set name also matches
41915-1,Jewellery Box,Dots,2020,B085JW1WGC,"LEGO DOTS Jewelry Box 41915 Craft Decorations Art Kit, for Kids Who are Into Cool Arts and Crafts, A Great Entrance into Unique Arts and Crafts Toys for Kids, New 2020 (374 Pieces)",100,,No,MATCH,Set number 41915 found in title
NUREMBERG-1,{Nuremberg Castle},Promotional,2010,B0FVWTXWR7,NUREMBERG TRAVEL GUIDE 2025-2026: FROM IMPERIAL CASTLES TO CHRISTMAS MARKET --- DISCOVER THE SOUL OF FRANCONIA,69,,Yes,MATCH,Set number NUREMBERG found in title
NUREMBERG-1,{Nuremberg Castle},Promotional,2010,B0G3LNQ6KX,NUREMBERG TRAVEL GUIDE 2026: From Imperial Castles to Christmas Markets — Discover the Soul of Franconia.,69,,No,MATCH,Set number NUREMBERG found in title
NUREMBERG-1,{Nuremberg Castle},Promotional,2010,B0FWYMZZKB,"Nuremberg Travel Guide 2026: Your Complete Guide to Nuremberg – Castles, Cuisine, and Christmas Markets in Bavaria’s Historic Heart",69,,No,MATCH,Set number NUREMBERG found in title
4528-1,Green Lantern,DC Comics Super Heroes,2012,B005KISWFW,LEGO DC Super Heroes 4528 Green Lantern,95,,Yes,MATCH,Set number 4528 found in title; Set name also matches
4528-1,Green Lantern,DC Comics Super Heroes,2012,B005VPRE3K,Lego - DC Universe - Super Heroes - Green Lantern - 4528,95,,No,MATCH,Set number 4528 found in title; Set name also matches
41662-1,Olivia's Flamingo Cube,Friends,2021,B08G49GQB8,LEGO 41662 Friends Olivia's Flamingo Cube,100,,No,MATCH,Set number 41662 found in title; Set name also matches
41662-1,Olivia's Flamingo Cube,Friends,2021,B08NFBMP5W,"LEGO Friends Olivia's Flamingo Cube 41662 Building Kit; Includes Flamingo Toy and Mini-Doll Toy; Portable Playset Makes Great Creative Gift, New 2021 (41 Pieces)",100,,No,MATCH,Set number 41662 found in title; Set name also matches
76395-1,Hogwarts: First Flying Lesson,Harry Potter,2021,B091P2HPBQ,Harry Potter Hogwarts Erste Flugstunde (76395),100,,Yes,MATCH,Set number 76395 found in title
76395-1,Hogwarts: First Flying Lesson,Harry Potter,2021,B098F8W8KC,Lego Harry Potter 76395 Hogwarts First Flight Hour (264 Pieces),100,,No,MATCH,Set number 76395 found in title
43189-1,Elsa and the Nokk Storybook Adventures,Disney,2021,B08G55R2RH,"LEGO 43189 Disney Frozen 2 Elsa and the Nokk Storybook, Adventures Portable Playset, Travel Toys, Gifts for 5 Plus Year Old Kids, Girls & Boys with Micro Doll",100,,Yes,MATCH,Set number 43189 found in title; Set name also matches
43189-1,Elsa and the Nokk Storybook Adventures,Disney,2021,B0BC8XM8MD,LEGO Disney Princess 43189 Elsa En De Nokk Behaviours (FD-ZJ-230223-844),100,,No,MATCH,Set number 43189 found in title; Set name also matches
41775-7,Dessert Unikitty,Unikitty,2018,B07D56Y3PX,LEGO Unikitty Series 1 DESSERT PUPPYCORN (#12) Collectable Figure 41775 (Bagged),70,,No,MATCH,Set number 41775 found in title; Set name also matches
SUPERMAN-1,Superman,Promotional,2013,B0FGQ7Y547,Superman [Blu-ray] [2025],85,,No,MATCH,Set number SUPERMAN found in title; Set name also matches
SUPERMAN-1,Superman,Promotional,2013,B0FGQDPXLQ,Superman [DVD] [2025],85,,No,MATCH,Set number SUPERMAN found in title; Set name also matches
SUPERMAN-1,Superman,Promotional,2013,B0FGQ7RTQ9,Superman [4K Ultra HD] [2025],85,,No,MATCH,Set number SUPERMAN found in title; Set name also matches
8092-1,Luke's Landspeeder,Star Wars,2010,B002KCNV70,LEGO Star Wars 8092: Luke's Landspeeder,100,,No,MATCH,Set number 8092 found in title; Set name also matches
41687-1,Magical Funfair Stalls,Friends,2021,B08W5F3NRZ,LEGO 41687 Friends Magical Funfair Stalls,100,,No,MATCH,Set number 41687 found in title; Set name also matches
30062-1,Target Practice,Castle,2010,B004E4ENMY,LEGO Kingdoms Mini Figure Set #30062 Target Practice Bagged by LEGO,95,,Yes,MATCH,Set number 30062 found in title; Set name also matches
30062-1,Target Practice,Castle,2010,B005D0D26Q,V141 Regokingudamu overseas limited edition Lego 30062 Target practice (Japan import),95,,No,MATCH,Set number 30062 found in title; Set name also matches
42129-1,4x4 Mercedes-Benz Zetros Trial Truck,Technic,2021,B08WWTVMNZ,LEGO 42129 Technic 4x4 Mercedes-Benz Zetros Trial Truck ToyRC CarApp-controlled Motor Vehicles Series,100,,Yes,MATCH,Set number 42129 found in title; Set name also matches
42129-1,4x4 Mercedes-Benz Zetros Trial Truck,Technic,2021,B08Z9W3Q86,"LEGO Technic 4x4 Mercedes-Benz Zetros Trial Truck 42129 Building Kit; Explore A Powerful App-Controlled Toy Truck; New 2021 (2,110 Pieces)",100,,No,MATCH,Set number 42129 found in title; Set name also matches
851358-1,Holiday Bauble White Bricks,Seasonal,2015,B015E37I9I,Lego Christmas Holiday Bauble with White bricks - 851358,76,,No,MATCH,Set number 851358 found in title; Set name also matches
302103-1,Cinderella's Kitchen,Disney,2021,B0B27MZH3Z,LEGO Disney Cinderellas Kitchen Foil Pack Set 302103 (Bagged),76,,No,MATCH,Set number 302103 found in title; Set name also matches
42155-1,The Batman - Batcycle,Technic,2023,B07PQQ254V,LEGO Technic The Batman Batcycle 42155,100,,Yes,MATCH,Set number 42155 found in title; Set name also matches
42155-1,The Batman - Batcycle,Technic,2023,B0BBRY3FFB,"LEGO Technic THE BATMAN – BATCYCLE Set, Collectible Toy Motorbike, Scale Model Building Kit of the Iconic Super Hero Bike from 2022 Movie 42155",100,,No,MATCH,Set number 42155 found in title; Set name also matches
75827-1,Firehouse Headquarters,Ghostbusters,2016,B01A2PMXXO,LEGO Ghostbusters 75827 Firehouse Headquarters Building Kit (4634 Piece) by LEGO Ghostbusters,100,,Yes,MATCH,Set number 75827 found in title; Set name also matches
75827-1,Firehouse Headquarters,Ghostbusters,2016,B01B054810,Lego Creator 75827 - Ghostbuster's Firehouse Headquarters,100,,No,MATCH,Set number 75827 found in title; Set name also matches
45401-1,BricQ Motion Essential,Education,2021,B093H6CM36,LEGO Education BricQ Movement Essential 45401,100,,Yes,MATCH,Set number 45401 found in title; Set name also matches
45401-1,BricQ Motion Essential,Education,2021,B09471X1QV,LEGO Education BricQ Movement Essential 45401,100,,No,MATCH,Set number 45401 found in title; Set name also matches
40197-1,Wedding Favour Set 2018,Miscellaneous,2018,B078VWFPCY,Lego 40197 - Wedding Favour Set - New for 2018,95,,No,MATCH,Set number 40197 found in title; Set name also matches
40197-1,Wedding Favour Set 2018,Miscellaneous,2018,B078XTGCZ5,LEGO Wedding Favor Set 2018 (40197) 132 Piece Set,95,,No,MATCH,Set number 40197 found in title; Set name also matches
10777-1,Mickey and Minnie's Camping Trip,Disney,2022,B09QFMZDKL,"LEGO 10777 Disney Mickey Mouse and Minnie Mouse's Camping Trip Building Toy with Camper Van, Car & Pluto Figure, for Kids 4 Plus Years Old",100,,Yes,MATCH,Set number 10777 found in title; Set name also matches
10777-1,Mickey and Minnie's Camping Trip,Disney,2022,B09XVJ5Q51,"LEGO Disney Mickey Mouse and Minnie Mouse's Camping Trip 10777 Building Toy with Camper Van, Car & Pluto Figure, for Kids 4 Plus Years Old",100,,No,MATCH,Set number 10777 found in title; Set name also matches
44004-1,BULK,HERO Factory,2013,B0035MSO2G,Verbatim 44004 8GB microSDHC Class 4 Memory Card,100,,Yes,MATCH,Set number 44004 found in title
44004-1,BULK,HERO Factory,2013,B0094J43TW,LEGO HERO Factory 44004 BULK,100,,No,MATCH,Set number 44004 found in title; Set name also matches
10210-1,Imperial Flagship,Advanced models,2010,B0032BC3TU,LEGO 10210 Imperial Flagship,95,,Yes,MATCH,Set number 10210 found in title; Set name also matches
10210-1,Imperial Flagship,Advanced models,2010,B08KLYMW6L,Rare: Creator - Sailing Ship - 10210,95,,No,MATCH,Set number 10210 found in title
30650-1,Kai and Rapton's Temple Battle,Ninjago,2023,B0C6MPDD57,LEGO NINJAGO Kai and Rapton's Temple Battle 30650 Polybag,79,,No,MATCH,Set number 30650 found in title; Set name also matches
21185-1,The Nether Bastion,Minecraft,2022,B09QFS3J7H,"LEGO 21185 Minecraft The Nether Bastion Set, Battle Action Toy with Mob, Piglin Brute & Strider Figures, for Kids, Boys and Girls Age 8 Plus",100,,Yes,MATCH,Set number 21185 found in title; Set name also matches
21185-1,The Nether Bastion,Minecraft,2022,B0BC8S16NY,LEGO 21185 Het Onderwereldbastion,100,,No,MATCH,Set number 21185 found in title; Set name also matches
71394-6,Galoomba,Super Mario,2021,B08WWYCMRD,"LEGO 71394 Super Mario Character Packs – Series 3, Toy Collectible Figures, Gift Idea for Kids (1 Unit - Style Picked At Random)",100,,No,MATCH,Set number 71394 found in title
DIORAMA-1,Movie diorama,The LEGO Ninjago Movie,2017,B08BLQHR2X,DC Comics Batman Batmobile Diorama : Batman Movie 1989,66,,Yes,MATCH,Set number DIORAMA found in title; Set name also matches
DIORAMA-1,Movie diorama,The LEGO Ninjago Movie,2017,B0CN8ML6VZ,ZITIANYOUBUILD Hang-Bays Diorama with a Cargo Elevator Shaft from Movie 5403 Pieces MOC Build for Age 18+,66,,No,MATCH,Set number DIORAMA found in title; Set name also matches
DIORAMA-1,Movie diorama,The LEGO Ninjago Movie,2017,B0CN8PQ84B,"ZITIANYOUBUILD Imperial Bunker Diorama Model from Movie: Episode VI 796 Pieces MOC Build for Age 18+, ZITIANYOU-156238",66,,No,MATCH,Set number DIORAMA found in title; Set name also matches
40499-1,Santa's Sleigh,Seasonal,2021,B09HNZ431F,"LEGO Santa’s Sleigh - Building Toy w/ 4 Reindeer Figures, a Santa Claus Minifigure and Toy Gifts - Stocking Filler Idea or fun Christmas Decoration for 9+ Year Old Boys & Girls 40499",100,,No,MATCH,Set number 40499 found in title; Set name also matches
10959-1,Police Station & Helicopter,Duplo,2022,B09BNTMLB5,"LEGO DUPLO Rescue Police Station & Helicopter, Push & Go Car Toy with Lights and Siren, Early Learning Toys for Toddlers, Boys & Girls 2 Plus Years Old 10959",100,,Yes,MATCH,Set number 10959 found in title; Set name also matches